性別,ローマ字,カタカナ
male,ABALARD,アベラ－ド
male,ABBA,アバ
male,ABBO,アボ
male,ABBOT,アボット
male,ABEL,アベル
male,ABNER,アブナ－
male,ABRAHAM,アブラハム
male,ABRAM,アブラム
male,ABSALOM,アブサロム
male,ABUBEKR,アブ－ベクル
male,ACADEMY,アカデミ－
male,ACAPULCO,アカプルコ
male,ACCEL,アクセル
male,ACCESS,アクセス
male,ACCORDION,アコ－ディオン
male,ACHAB,アカブ
male,ACHAZ,アカズ
male,ACHERON,アケロン
male,ACHILLES,アキレス
male,ACROBAT,アクロバット
male,ACTEON,アクテオン
male,ACTION,アクション
male,ADALO,アダロ
male,ADAM,アダム
male,ADAMANT,アダマント
male,ADAMITE,アダマイト
male,ADIEU,アデュ－
male,ADISON,アディソン
male,ADJUTANT,アドジュタント
male,ADMIRAL,アドミラル
male,ADO,アド
male,ADOLF,アドルフ
male,ADONIS,アドニス
male,ADOR,アド－ル
male,ADORIAN,アドリアン
male,ADORIANO,アドリア－ノ
male,ADRAST,アドラスト
male,ADULT,アダルト
male,ADVENTURE,アドベンチャ－
male,ADVERTISER,アドバタイザ－
male,ADVISER,アドバイザ－
male,ADVOCATOR,アドバケイタ－
male,ADWIN,アドウイン
male,AEGIS,イ－ジス
male,AENEAS,イ－ニアス
male,AEOLIAN,イ－オウリアン
male,AEOLUS,イオラス
male,AEROBOAT,アエロボ－ト
male,AEROLITE,アエロライト
male,AESCHYLUS,イ－スキラス
male,AESOP,イソップ
male,AFREET,アフリ－ト
male,AFTER,アフタ－
male,AGA,ア－ガ
male,AGAMEMNON,アガメムノン
male,AGENT,エ－ジェント
male,AGESILAS,アジェジラ－ズ
male,AGGEE,アグジェ
male,AGGRESSOR,アグレッサ－
male,AGIDE,エギデ
male,AGILMAR,アギルマ－ル
male,AGIR,エイギル
male,AGIS,アギス
male,AGITATOR,アジテイタ－
male,AGNESE,アグネ－ゼ
male,AGNON,アグノン
male,AGRONOMIST,アグロナミスト
male,AHAB,エイハブ
male,AIDE,エイド
male,AJAX,アジャックス
male,AL,アル
male,ALADDIN,アラジン
male,ALAN,アラン
male,ALARICH,アラリッヒ
male,ALARM,アラ－ム
male,ALBA,アルバ
male,ALBERT,アルバ－ト
male,ALBION,アルビオン
male,ALCAIC,アルケイ－ク
male,ALCHEMIST,アルケミスト
male,ALDERMAN,オ－ルダマン
male,ALDO,アルド
male,ALDOUS,オルダス
male,ALECK,アレック
male,ALEX,アレックス
male,ALEXANDER,アレキサンダ－
male,ALF,アルフ
male,ALFARO,アルフアロ
male,ALFRED,アルフレッド
male,ALGAZEL,アルガゼル
male,ALIBABA,アリババ
male,ALISON,アリスン
male,ALLAH,アラ－
male,ALLEGRETTO,アレグレット
male,ALLEGRO,アレグロ
male,ALLEN,アレン
male,ALLENBY,アレンビ－
male,ALLEY,アレ－
male,ALLISON,アリソン
male,ALLROUNDER,オ－ルラウンダ－
male,ALLUSION,アリュ－ジョン
male,ALMEIDA,アルメイダ
male,ALMIN,アルミン
male,ALMSGIVER,ア－ムズギバ－
male,ALOHA,アロハ
male,ALPACINO,アルパシ－ノ
male,ALPEN,アルペン
male,ALPHA,アルファ
male,ALPHAROMEO,アルファロメオ
male,ALPHEE,アルフェ
male,ALPHEUS,アルフィ－アス
male,ALPINIST,アルピニスト
male,ALRAUN,アルラウン
male,ALTAIR,アルタイア
male,ALTO,アルト
male,ALUMNUS,アラムナス
male,ALVARADO,アルバラ－ド
male,ALVARES,アルバレス
male,ALZENA,アルゼナ
male,AMALECITES,アマレシツ
male,AMAN,アマン
male,AMARANTH,アマランス
male,AMARIS,アマリス
male,AMARIST,アマリスト
male,AMBASSADER,アンバサダ－
male,AMBER,アンバ－
male,AMBITION,アンビション
male,AMBITIOUS,アンビシャス
male,AMBIVERT,アンビバ－ト
male,AMBLER,アンブラ－
male,AMBROSIUS,アンブロシアス
male,AMBUSH,アンブッシュ
male,AMIGO,アミ－ゴ
male,AMIN,アミン
male,AMMONITES,アモニット
male,AMO,アモ－
male,AMOR,アモ－ル
male,AMORITER,アモリタ－
male,AMOS,エイモス
male,AMPHISBAENA,アムフィスビ－ナ
male,AMPHITRYON,アンフィトリオン
male,ANACREON,アナクリアン
male,ANALOGIST,アナラジスト
male,ANALYST,アナリスト
male,ANANIAS,アナニアス
male,ANCESTOR,アンセスタ－
male,ANCHISE,アンシ－ズ
male,ANCHOR,アンカ－
male,ANCHORITE,アンカライト
male,ANDALUSIA,アンダルシア
male,ANDEAN,アンディアン
male,ANDERSON,アンダ－ソン
male,ANDO,アンド
male,ANDORA,アンドラ
male,ANDREAS,アンドレアス
male,ANDREW,アンドリュ－
male,ANDROMAQUE,アンドロマク
male,ANDY,アンディ
male,ANEAS,アイニアス
male,ANGLE,アングル
male,ANGLICIST,アングリシスト
male,ANGUS,アンガス
male,ANIMIST,アニミスト
male,ANSELM,アンセルム
male,ANSWERER,アンサラ－
male,ANTAEUS,アンテアウス
male,ANTARES,アンタレス
male,ANTONIUS,アントニウス
male,ANTONY,アントニ－
male,APACHE,アパッチ
male,APEX,アペックス
male,APHORIST,アフアリスト
male,APIA,アピア
male,APITHY,アピティ
male,APOLLINARIS,アポリナリス
male,APOLLO,アポロ
male,APOLLON,アポロン
male,APOLLYON,アポリヤン
male,APOLOGIST,アポラジスト
male,ANTELOPE,アンテロ－フ
male,ANTHONY,アンソニ－
male,ANTOINE,アントワ－ヌ
male,APORIA,アポリア
male,APPARITOR,アパリタ－
male,APPEAL,アピ－ル
male,APPELLANT,アペラント
male,APPLAUSE,アプロ－ス
male,APPEL,アペル
male,APPLETON,アプルトン
male,APPLICANT,アプリキャント
male,APPOINTEE,アポインティ
male,APPRECIATOR,アプリ－シェイタ－
male,APPRENTICE,アプレンティス
male,APPROACH,アプロ－チ
male,APPROVER,アプル－バ－
male,APRIL,エイプリル
male,AQUA,アクア
male,ARAGON,アラゴン
male,ARBITER,ア－ビタ－
male,ARBO,アルボ
male,ARC,ア－ク
male,ARCH,ア－チ
male,ARCHBISHOP,ア－チビショップ
male,ARCHER,ア－チャ－
male,ARCHERY,ア－チェリ－
male,ARCHIMEDES,アルキメデス
male,ARCHON,ア－カン
male,ARES,アレス
male,ARGO,アルゴ
male,ARGUS,ア－ガス
male,ARIEL,エ－リエル
male,ARIES,アリエス
male,ARISTOCRAT,アリストクラット
male,ARISTOTELES,アリストテレス
male,ARM,ア－ム
male,ARMOUR,ア－マ－
male,ARMSTRONG,ア－ムストロング
male,ARNO,アルノ
male,ARNOLD,ア－ノルト
male,ARRANGE,アレンジ
male,ARRESTOR,アレスタ－
male,ARRIANOS,アリアノス
male,ARROW,アロ－
male,ART,ア－ト
male,ARTHUR,ア－サ－
male,ARTIFICER,ア－チフィサ－
male,ARTILLERIST,ア－ティラリスト
male,ARTIN,アルティン
male,ARTIST,ア－ティスト
male,ARTUS,アルタス
male,ASCETIC,アセティク
male,ASCLEPIUS,アスクリ－ピアス
male,ASCOT,アスコット
male,ASGARD,アスガ－ド
male,ASHRAF,アシュラフ
male,ASPECT,アスペクト
male,ASSISTANT,アシスタント
male,ASSURER,アシュラ－
male,ASTON,アストン
male,ASWAN,アスワン
male,ATALUS,アタラス
male,ATLANTES,アトランティ－ズ
male,ATLANTIC,アトランティック
male,ATLAS,アトラス
male,ATOM,アトム
male,ATOMY,アトミ－
male,ATTACHE,アタッシュ
male,ATTILA,アティラ
male,ATTO,アット
male,AUDIFAX,アウディフアックス
male,AUGEAS,オ－ジャス
male,AUGUSTINE,オ－ガスチン
male,AUGUSTUS,オ－ガスタス
male,AULOS,アウロス
male,AURELIUS,オ－レリアス
male,AUSTER,オ－スタ－
male,AUSTIN,オ－スチン
male,AUTHOR,オ－サ－
male,AUTHORITY,オ－ソリティ
male,AUTOCRAT,オ－トクラット
male,AVANTGARDE,アバンギャルド
male,AVATOR,アウ゛ァタ－
male,AVENGER,アベンジャ－
male,AVON,エ－ボン
male,AWFI,アウフィ－
male,AXSTONE,アクススト－ン
male,AZZILO,アジロ
female,ABBES,アビス
female,ABBY,アビ－
female,ABIGAIL,アビゲイル
female,ACACIA,アカシア
female,ACCESSARY,アクセサリ－
female,ACTAEON,アクティ－アン
female,ACTRESS,アクトレス
female,ADELA,アデラ
female,ADELGUND,アデルグンド
female,ADELHEID,アデルハイト
female,ADELIE,アデリ－
female,ADEWINA,アドウ゛ィナ
female,ADONIA,アドニア
female,ADRIENNE,アドリエンヌ
female,AGAR,アガ－
female,AGATE,アゲイト
female,AGATHA,アガサ
female,AGILA,アギラ
female,AGILE,アジ－ル
female,AGLAE,アグラエ
female,AGNES,アグネス
female,AHNFRAN,アンフラン
female,AIDA,アイ－ダ
female,AIGRETTE,エイグレット
female,AILEEN,アイリ－ン
female,ALAMI,アラミ－
female,ALBILA,アルビラ
female,ALBIN,アルビン
female,ALBRADA,アルブラダ
female,ALCUIN,アルクィン
female,ALCYONE,アルシオン
female,ALDER,アルダ－
female,ALDISA,アルディサ
female,ALEXANDRA,アレキサンドラ
female,ALFHEID,アルフハイト
female,ALGUND,アルグント
female,ALICE,アリス
female,ALICIA,アリシア
female,ALIMU,アリ－ム
female,ALINDA,アリンダ
female,ALLIE,アリ－
female,ALLORI,アロ－リ
female,ALMA,アルマ
female,ALMAS,アルマス
female,ALMOND,ア－モンド
female,ALOE,アロエ
female,ALPACA,アルパカ
female,ALPS,アルプス
female,ALRUM,アルラム
female,ALTA,アルタ
female,ALUMNA,アラムナ
female,ALWINA,アルビ－ナ
female,ALWISA,アルウ゛ィサ
female,AMAH,アマ－
female,AMALA,アマラ
female,AMALTHEE,アマルテ
female,AMANDA,アマンダ
female,AMARYLLIS,アマリリス
female,AMAZON,アマゾン
female,AMBROSIA,アンブロ－ジア
female,AMETHYST,アメジスト
female,AMIABLE,アミアブル
female,AMIEL,アミエル
female,AMMY,アミ－
female,AMORAL,アモ－ラル
female,AMPLE,アンプル
female,AMUSE,アミュ－ズ
female,ANAM,アナム
female,ANANAS,アナナス
female,ANASTASIA,アナスタシア
female,ANDLY,アンドリ－
female,ANDROMACHE,アンドロマクセ
female,ANDROMEDA,アンドロメダ
female,ANEMONE,アネモネ
female,ANESSA,アネッサ
female,ANETTE,アネット
female,ANGEL,エンジェル
female,ANGELA,アンジェラ
female,ANGELICA,アンジェリカ
female,ANGELICO,アンジェリコ
female,ANICA,アニカ
female,ANICE,アニス
female,ANITA,アニタ
female,ANJOU,アンジュ－
female,ANNA,アンナ
female,ANNIE,アニ－
female,ANNIVERSARY,アニバ－サリ－
female,ANON,アノン
female,ANSA,アンサ
female,ANSILA,アンジラ
female,ANTHEM,アンセム
female,ANTICLEE,アンティクル
female,ANTIGONE,アンチゴ－ネ
female,ANTOINETTE,アントワネット
female,ANTONIA,アントニア
female,APHRODITE,アフロディ－テ
female,APIS,アピス
female,APPLE,アップル
female,APPLIQUE,アップリケ
female,APRICOT,アプリコット
female,APRIES,アプリエス
female,AQUAMARINE,アクアマリン
female,ARABELLE,アラベル
female,ARABESQUE,アラベスク
female,ARCADIA,アルカディア
female,ARCE,アルセ
female,AREA,エリア
female,ARIADONE,アリアドネ
female,ARISA,アリサ
female,ARIUS,アリウス
female,ARJUNA,アルジュナ
female,ARLE,アルル
female,ARLETTE,アルレット
female,ARLETTY,アルレッティ
female,ARLIN,ア－リン
female,ARMENIA,アルメニア
female,ARNA,アルナ
female,ARNGARD,アルンガ－ト
female,ARNHILD,アルンヒルト
female,ARNICA,アルニカ
female,AROMA,アロ－マ
female,ARRIA,アリ－ア
female,ARTEMIS,アルテミス
female,ASHLEY,アシュレ－
female,ASIA,アジア
female,ASLANG,アスラング
female,ASPASIA,アスパジア
female,ASPHODEL,アスファデル
female,ASRID,アスリト
female,ASTAIRE,アステア
female,ASTER,アスタ－
female,ASTREA,アストリ－ア
female,ASTRID,アストリッド
female,ATE,エイティ
female,ATELIER,アトリエ
female,ATHENA,アテナ
female,ATLANTA,アトランタ
female,ATOMIZER,アトマイザ－
female,ATROPOS,アトロ－ポス
female,AUDREY,オ－ドリ－
female,AURORA,オ－ロラ
female,AUSTEN,オ－スティン
female,AUTHORESS,オ－ソリス
female,AVIATRIX,アビアトリックス
female,AYAH,アイア
female,AZALEA,アザリア
male,BAAL,バ－ル
male,BABBITT,バビット
male,BABE,ベイブ
male,BALD,バルド
male,BABYLON,バビロン
male,BACCHUS,バッカス
male,BACH,バッハ
male,BACHELOR,バチュラ－
male,BACKEN,バッケン
male,BACKLE,バックル
male,BACON,ベ－コン
male,BADGE,バッジ
male,BADGER,バッジャ－
male,BADO,バド
male,BAFFY,バッフィ－
male,BATON,バトン
male,BAGPIPER,バグパイパ－
male,BAIKAL,バイカル
male,BAILEE,ベイリ－
male,BAILER,ベイラ－
male,BAILIFF,ベイリフ
male,BAKELAND,ベ－クランド
male,BAKER,ベ－カ－
male,BALAAM,ベイラム
male,BALANCER,バランサ－
male,BALBOA,バルボア
male,BALDUR,バルド－ル
male,BALDWIN,バルドウィン
male,BALENTS,バレンツ
male,BALLADE,バラ－ド
male,BALLOT,バロット
male,BALMER,バルマ－
male,BALMUNG,バルムング
male,BALSAM,バルサム
male,BALTFRID,バルトフリット
male,BALTRAM,バルトラム
male,BALZAC,バルザック
male,BANG,バンク
male,BANKER,バンカ－
male,BANNER,バナ－
male,BAHAMA,バハマ
male,BANTAM,バンタム
male,BAPTIST,バプティスト
male,BARABBAS,バラバス
male,BARANTO,バラント
male,BARBARIAN,バ－バリアン
male,BARBER,バ－バ－
male,BARBETTE,バ－ベット
male,BARBICAN,バ－ビカン
male,BARCLAY,バ－クレ－
male,BARDO,バルド
male,BARGAINER,バ－ゲイナ－
male,BARGEMAN,バ－ジマン
male,BARK,バ－ク
male,BARKEEPER,バ－キ－パ－
male,BARKLA,バ－クラ
male,BARON,バロン
male,BARONET,バロニト
male,BARONIAL,バロニアル
male,BARONY,バロニィ
male,BARRIOS,バリmale
male,BARRISTER,バリスタ－
male,BARROS,バロス
male,BART,バ－ト
male,BARTENDER,バ－テンダ－
male,BARTHOLOMEW,バ－ソロミュ－
male,BASALT,バサルト
male,BASIC,ベ－シック
male,BASIS,ベイシス
male,BASKET,バスケット
male,BASS,バス
male,BATHER,ベイサ－
male,BATMAN,バットマン
male,BATTER,バッタ－
male,BATTLE,バトル
male,BATWIN,バトウィン
male,BAUER,バウアル
male,BAUMKUCHEN,バウムク－ヘン
male,BAYARD,ベイア－ト
male,BAYTREE,ベイトリ－
male,BAZZ,バズ
male,BEACON,ビ－コン
male,BEAD,ビ－ド
male,BEADLE,ビ－ドル
male,BEAM,ビ－ム
male,BEARBROOK,ベアブルック
male,BEARD,ベア－ド
male,BEARER,ビアラ－
male,BEAST,ビ－スト
male,BEATER,ビ－タ－
male,BEAU,ボウ
male,BEAVER,ビ－バ－
male,BECK,ベック
male,BECKETT,ベケット
male,BEE,ビ－
male,BUYER,バイヤ－
male,BUTLER,バトラ－
male,BEER,ビア
male,BEET,ビ－ト
male,BEETHOVEN,ベイト－ベン
male,BEETLE,ビ－トル
male,BEGINNER,ビギナ－
male,BOGGY,ボギ－
male,BELIEVER,ビリ－バ－
male,BYRON,バイロン
male,BUSTER,バスタ－
male,BUSKER,バスカ－
male,BELLOC,ベロック
male,BELMOND,ベルモンド
male,BELVEDERE,ベルビディア
male,BEN,ベン
male,BENEDICT,ベネディクト
male,BENETTON,ベネトン
male,BENGAL,ベンガル
male,BENIFACTOR,ベニファクタ－
male,BENJAMIN,ベンジャミン
male,BENNET,ベネット
male,BENNO,ベンノ
male,BENSON,ベンソン
male,BENTLEY,ベントレ－
male,BENZ,ベンツ
male,BUSH,ブッシュ
male,BERENGER,ベレンジャ－
male,BERENSON,ベレンソン
male,BERG,ベルク
male,BERGSON,ベルグソン
male,BERNARD,ベルナ－ト
male,BERNHARD,ベルンハ－ト
male,BERNO,ベルノ
male,BEROLD,ベロルド
male,BERT,ベルト
male,BERTIE,バ－ティ
male,BERTLAND,バ－トランド
male,BERTRAM,バ－トラム
male,BERTWIN,ベルトウィン
male,BETELGEUSE,ビ－トルジュ－ス
male,BEYER,バイエル
male,BIBBER,ビバ－
male,BIBLIST,ビブリスト
male,BICHON,ビション
male,BIDDER,ビダ－
male,BIFROST,ビフロスト
male,BIKE,バイク
male,BILEAM,ビ－リ－ム
male,BILL,ビル
male,BILLIKEN,ビリケン
male,BILLIONAIRE,ビリオネア
male,BURTON,バートン
male,BILLOW,ビロウ
male,BILLY,ビリ－
male,BINGHAM,ビンガム
male,BINGO,ビンゴ
male,BINYON,ビニョン
male,BIOLOGIST,バイオロジスト
male,BIRD,バ－ド
male,BISCUIT,ビスケット
male,BISHOP,ビシヨップ
male,BISMARCK,ビスマ－ク
male,BISMILLAR,ビスミラ－
male,BITER,バイタ－
male,BLACKY,ブラッキ－
male,BLADE,ブレイド
male,BLAKE,ブレ－ク
male,BLANCH,ブランチ
male,BLASCO,ブラスコ
male,BLASIUS,ブラジウス
male,BLAZE,ブレイズ
male,BLINDER,ブラインダ－
male,BLINKY,ブリンキ－
male,BLIZZARD,ブリザ－ド
male,BLOWHARD,ブロウハ－ド
male,BLUEBIRD,ブル－バ－ド
male,BURN,バ－ン
male,BLUEPETER,ブル－ピ－タ－
male,BLUNDERER,ブランダラ－
male,BLYDEN,ブライデン
male,BOANERGES,ボアナ－ジス
male,BOARDER,ボ－ダ－
male,BURNS,バーンズ
male,BOB,ボブ
male,BOBBIN,ボビン
male,BOBBY,ボビィ
male,BODO,ボド
male,BUNSEN,ブンセン
male,BOGART,ボガ－ト
male,BOHEMIAN,ボヘミアン
male,BOHR,ボウア
male,BOLERO,ボレロ
male,BOLTON,ボルトン
male,BOMBER,ボンバ－
male,BONAPART,ボナパルト
male,BOND,ボンド
male,BUNKY,バンキー
male,BOOBY,ブ－ビ－
male,BOOM,ブ－ム
male,BOOMER,ブ－マ－
male,BORDEAUX,ボルドゥ
male,BOREAS,ボ－リアス
male,BORGHESE,ボ－ジェ－ゼ
male,BORIS,ボ－リス
male,BORROW,ボロ－
male,BOSS,ボス
male,BOSWELL,ボスウェル
male,BOTE,ボ－タ
male,BOTTOMS,ボトムズ
male,BOTWIN,ボトウィン
male,BOULDING,ボ－ルディング
male,BOURBON,ブルボン
male,BOWLER,ボ－ラ－
male,BOXER,ボクサ－
male,BOY,ボ－イ
male,BOYD,ボイド
male,BRAD,ブラッド
male,BRADLEY,ブラッドレ－
male,BRAGG,ブラッグ
male,BRAGI,ブラ－ギ
male,BRAHMAN,ブラ－マン
male,BRAHMIN,ブラ－ミン
male,BRAHMS,ブラ－ムス
male,BUM,バム
male,BRAMANTE,ブラマンテ
male,BRANT,ブラント
male,BRAUDEL,ブロ－デル
male,BRAVADO,ブラウ゛ァド
male,BRAVERY,ブレイバリ－
male,BRAVES,ブレ－ブス
male,BRAVO,ブラウ゛ォ－
male,BREAD,ブレッド
male,BREMEN,ブレ－メン
male,BREZHNEV,ブレジネフ
male,BRIAREUS,ブライアリアス
male,BRIDESMAN,ブライズマン
male,BRIGADIER,ブリガディア
male,BRIGHT,ブライト
male,BRINNO,ブリンノ
male,BRONSON,ブロンソン
male,BRONZE,ブロンズ
male,BROWDER,ブラウダ－
male,BRUCE,ブル－ス
male,BRUNO,ブル－ノ
male,BRUTUS,ブル－タス
male,BRYAN,ブライアン
male,BRYNNER,ブリンナ－
male,BILDER,ビルダー
male,BUDWEISER,バドワイザ－
male,BUFFALLO,バッファロ－
male,BUFFON,ビュフォン
male,BUGGO,ブッゴ－
female,BAB,バブ
female,BABEL,バベル
female,BABETTE,バベット
female,BACCHANT,バカント
female,BALAS,バラス
female,BALDA,バルダ
female,BALLERINA,バレリ－ナ
female,BALLET,バレエ
female,BANAL,バナル
female,BANANA,バナ－ナ
female,BANGLE,バングル
female,BARBARA,バ－バラ
female,BARBERINI,バルベリ－ニ
female,BARBERRY,バ－ベリ－
female,BARBRA,バ－ブラ
female,BARONE,バロ－ネ
female,BARONESS,バロネス
female,BARRY,バリ－
female,BARZANI,バルザ－ニ－
female,BATON,バトン
female,BAVAROIS,ババロア
female,BAZAINE,バゼ－ヌ
female,BEATRICE,ベアトリ－チェ
female,BEAUTICIAN,ビュ－ティシャン
female,BEAUTY,ビュ－ティ－
female,BEBE,ベベ
female,BEDFELLOW,ベッドフェロ－
female,BEEHIVE,ビ－ハイウ゛
female,BEGONIA,ベゴニア
female,BEGUM,ビ－ガム
female,BELAMI,ベラ－ミ
female,BELCHER,ベルチャ－
female,BELLA,ベラ
female,BELLADONNA,ベラドンナ
female,BELLE,ベル
female,BELLINI,ベリ－ニ
female,BELLONA,ベロウナ
female,BELOVED,ビラウ゛ィド
female,BERNA,ベルナ
female,BERRY,ベリ－
female,BERTA,ベルタ
female,BERTHA,バ－サ
female,BERTHEID,ベルトハイト
female,BESS,ベス
female,BESSIE,ベッシ－
female,BESTLA,ベストラ
female,BETSY,ベッツィ
female,BETTY,ベティ
female,BEULAH,ビュ－ラ－
female,BEVY,ベウ゛ィ
female,BIANCA,ビアンカ
female,BIDDY,ビディ
female,BIERCE,ビア－ス
female,BIFFIN,ビフィン
female,BIJOU,ビ－ジュ－
female,BIKINI,ビキニ
female,BINARY,バイナリ－
female,BINDWEED,バインドウィ－ド
female,BINE,バイン
female,BIRDIE,バ－ディ
female,BISSET,ビセット
female,BISSULA,ビスラ
female,BIZET,ビゼット
female,BLAIR,ブレア－
female,BLANKA,ブランカ
female,BLESS,ブレス
female,BLISS,ブリス
female,BLONDE,ブロンド
female,BLONDY,ブロンディ
female,BLOOM,ブル－ム
female,BLOSSOM,ブロッサム
female,BLOUSE,ブラウス
female,BLUEBERRY,ブル－ベリ－
female,BLUEBOTTLE,ブル－ボトル
female,BLUNES,ブルネス
female,BONBON,ボンボン
female,BONITA,ボニ－タ
female,BONNE,ボン
female,BONNET,ボネット
female,BONNY,ボニ－
female,BOREL,ボレル
female,BOUGHPOT,ボウポット
female,BOUQUET,ブ－ケ
female,BRACELET,ブレスレット
female,BRACKEN,ブラッケン
female,BRANLY,ブランリ－
female,BREEZE,ブリ－ズ
female,BRENDA,ブレンダ
female,BRIDE,ブライド
female,BRIGHTNESS,ブライトニス
female,BRIGITTE,ブリジット
female,BRILLIANCE,ブリリアンス
female,BRITANNIA,ブリタニア
female,BROCCOLI,ブロッコリ－
female,BROCHE,ブロウシェイ
female,BRONNEN,ブロンネン
female,BRONTE,ブロンテ
female,BROOCH,ブロ－チ
female,BROOKE,ブルック
female,BROWNIE,ブロ－ニ－
female,BROWSE,ブラウズ
female,BRUGA,ブルガ
female,BRUNETTE,ブル－ネット
female,BRUNHILD,ブルンヒルド
female,BRUNI,ブル－ニ
female,BUGGY,バギ－
female,BUNNY,バニィ
female,BURETTE,ビュレット
female,BURNET,バ－ネット
female,BUTTER,バタ－
female,BUTTERFLY,バタフライ
female,BUXOM,バクサム
male,CAB,キャブ
male,CABBY,キャビ－
male,CABIN,キャビン
male,CABMAN,キャブマン
male,CACIQUE,カシ－ク
male,CADET,カデット
male,CADI,ケイディ
male,CADILLAC,キャデラック
male,CADMEAN,カドミアン
male,CADMUS,カドマス
male,CADRE,カドリ
male,CADUCEUS,カデュ－シアス
male,CAESAR,シ－ザ－
male,CALAMUS,カラマス
male,CALCITE,カルサイト
male,CALENDER,カレンダ－
male,CALIBAN,カリバン
male,CALICO,キャリコ
male,CALIFORNIA,カリフォルニア
male,CALIPH,キャリフ
male,CALVIN,キャルビン
male,CALYPSO,カリプソ
male,CAMEL,キャメル
male,CYRUS,サイラス
male,CAMELRY,キャメルリ－
male,CAMPAIGNER,キャンペイナ－
male,CAMPER,キャンパ－
male,CAMPFIRE,キャンプファイア
male,CAMPHOR,キャンファ
male,CAMPUS,キャンパス
male,CANAAN,ケイナン
male,CANDIDATE,キャンディデイト
male,CANDLE,キャンドル
male,CANDOR,キャンダ－
male,CANE,ケイン
male,CANIS,ケイニス
male,CANNON,キャノン
male,CYCLOPS,サイクロプス
male,CANTOR,キャンタ－
male,CANYON,キャニオン
male,CAPACITY,キャパシティ
male,CAPITAL,キャピタル
male,CAPITOL,キャピトル
male,CAPONE,カポネ
male,CAPRICE,カプリス
male,CAPTAIN,キャプテン
male,CAPTOR,キャプタ－
male,CAPUCHON,カプション
male,CARAVAN,キャラバン
male,CUSTOM,カスタム
male,CARDIGAN,カ－ディガン
male,CAREER,キャリア
male,CARETAKER,ケアティカ－
male,CARIB,カリブ
male,CARINA,カリ－ナ
male,CARIOLE,キャリオウル
male,CARL,カ－ル
male,CARLOS,カルロス
male,CARLYLE,カ－ライル
male,CURTIS,カーティス
male,CARNEGIE,カ－ネギ－
male,CARNIVAL,カ－ニバル
male,CAROUSER,カロウザ－
male,CARPENTER,カ－ペンタ－
male,CARTEL,カ－テル
male,CARTER,カ－タ－
male,CARVER,カ－ウ゛ァ－
male,CASABLANCA,カサブランカ
male,CASANOVA,カサノバ
male,CUPID,キューピッド
male,CUORE,クオレ
male,CASINO,カジノ
male,CASQUE,カスク
male,CASTALY,カスタリ－
male,CASTE,カ－スト
male,CASTELLAN,キャステラン
male,CASTER,キャスタ－
male,CASTLE,キャッスル
male,CASTOR,カスト－ル
male,CATCHER,キャッチャ－
male,CATERAN,キャテラン
male,CATERER,ケイタラ－
male,CATO,ケイトウ
male,CAVALRY,キャバルリ－
male,CAVEMAN,ケイブマン
male,CAXTON,カックストン
male,CEDRIC,セドリック
male,CEFIRO,セフィ－ロ
male,CELEBRANT,セレブラント
male,CELEBRITY,セレブリティ－
male,CELSIUS,セルシアス
male,CENSOR,センサ－
male,CERBERUS,サ－バラス
male,CERICA,セリカ
male,CERVANTES,セルバンテス
male,CETUS,シ－タス
male,CEZANNE,セザンヌ
male,CRUSOE,クルーソウ
male,CHAFFER,チャファ－
male,CHAGALL,シャガ－ル
male,CREEK,クリ－ク
male,CHAMBERLAIN,チェンバレン
male,CHAMP,チャンプ
male,CHAMPAGNE,シャンペン
male,CHANCE,チャンス
male,CHANDLER,チャンドラ－
male,CHANNEL,チャンネル
male,CHANSON,シャンソン
male,CHANTER,チャンタ－
male,CHAP,チャップ
male,CHAPEAU,シャポウ
male,CHAPEL,チャペル
male,CHAPMAN,チャプマン
male,CHAPPLIN,チャップリン
male,CHAPPY,チャッピ－
male,CHARGER,チャ－ジャ－
male,CHARIETTO,シャリエット
male,CHARIOT,シャリオット
male,CHARIOWALD,シャリオウ゛ァルト
male,CHARLEMAGNE,シャ－レマイン
male,CHARLES,チャ－ルズ
male,CHARLESTON,チャ－ルストン
male,CHARLEY,チャ－リ－
male,CHARON,カロン
male,CHARTER,チャ－タ－
male,CHASE,チェイス
male,CHASER,チェイサ－
male,CHATEAU,シャト－
male,CHATELAIN,シャテレイン
male,CHAUCER,チョ－サ－
male,CHEATER,チ－タ－
male,CHECKER,チェッカ－
male,CHECK,チェック
male,CHEF,シェフ
male,CHEKHOV,チェ－コフ
male,CHEROKEE,チェロキ－
male,CHERU,ケル－
male,CHERUSKER,ケルスカ－
male,CHESS,チェス
male,CHEVALIER,シェバリア
male,CHEVROLET,シボレ－
male,CHEETAH,チ－タ
male,CHICK,シック
male,CHIEF,チ－フ
male,CRUSADER,クルセイダー
male,CHILDE,チャイルド
male,CRUISE,クルーズ
male,CHINOOK,チヌ－ク
male,CHIPPEWA,チッピワ
male,CHLOGIO,クロギオ
male,CHOOSER,チュ－ザ－
male,CHOPIN,ショパン
male,CHRAM,クラム
male,CHRIS,クリス
male,CHRISTIAN,クリスチャン
male,CHRISTOPHER,クリストファ－
male,CROWNWELL,クラウンウェル
male,CHUCK,チャック
male,CROWNER,クラウナ－
male,CHUM,チャム
male,CHURCHILL,チャ－チル
male,CROWN,クラウン
male,CID,シド
male,CIMA,シ－マ
male,CIMMERIAN,シミアリアン
male,CIRCUIT,サ－キット
male,CITIZEN,シチズン
male,CITY,シティ
male,CIVIC,シビック
male,CIVILIAN,シビリアン
male,CIVVY,シウ゛ィ－
male,CLAPPER,クラッパ－
male,CLARENCE,クラレンス
male,CLARO,クラロ
male,CLEAN,クリ－ン
male,CLEMENCY,クレメンシ－
male,CLERGY,クラ－ジ－
male,CLERIC,クレリク
male,CLERK,クラ－ク
male,CLEVER,クレバ－
male,CLIFF,クリフ
male,CLIFT,クリフト
male,CLIMAX,クライマックス
male,CLINT,クリント
male,CLIPPER,クリッパ－
male,CROW,クロウ
male,COBALT,コバルト
male,COBDEN,コブデン
male,COCKER,コッカ－
male,COCKTAIL,カクテル
male,COGNAC,コニャック
male,COIN,コイン
male,COLERIDGE,コ－ルリッジ
male,COLLECTOR,コレクタ－
male,COLONEL,コロネル
male,COLORADO,コロラド
male,COLOSSUS,コロッサス
male,COLT,コルト
male,COLUMBUS,コロンブス
male,COMBAT,コンバット
male,CROOKES,クルークス
male,COMMANDER,コマンダ－
male,COMMENTATOR,コメンティタ－
male,COMMENTER,コメンタ－
male,COMPEER,コンピア
male,COMPILER,コンパイラ－
male,COMUS,コウマス
male,CONDOR,コンドル
male,CONDUCTOR,コンダクタ－
male,CONNECTOR,コネクタ－
male,CONNERY,コネリ－
male,CONQUEROR,コンケラ－
male,CONRAD,コンラッド
male,CRONY,クロウニィ
male,CONSORT,コンソ－ト
male,CONSTABLE,カンスタブル
male,CONSTITUTOR,コンスティテュ－タ－
male,CONSTRUCTOR,コンストラクタ－
male,CONSUL,コンサル
male,CONSULTANT,コンサルタント
male,CONTRIBUTOR,コントリビュ－タ－
male,CONTROLLER,コントロ－ラ－
male,CONVERTER,コンバ－タ－
male,COOPER,ク－パ－
male,COPERNICUS,コペルニクス
male,COPPER,コッパ－
male,CORYBANT,コリバント
male,CORYDON,コリドン
male,COSMOLOGIST,コスモロジスト
male,COSMONAUT,コズマノ－ト
male,COSMOPOLITAN,コスモポリタン
male,COSSACK,コサック
male,COTTA,コウタ
male,COUNT,カウント
male,COUPE,ク－ペ
male,COWBOY,カウボ－イ
male,COYOTE,コヨ－テ
male,CRONOS,クロノス
male,CRACKER,クラッカ－
male,CRAFT,クラフト
male,CRAWFORD,クロフォ－ド
male,CREATOR,クリエ－タ－
male,CREOLE,クレオ－ル
male,CRESSON,クレソン
male,CREST,クレスト
male,CRESTA,クレスタ
male,CRIER,クライア
male,CRITIC,クリテイク
male,CRESUS,クリ－サス
male,CROMWELL,クロムウェル
female,CABANA,カバ－ナ
female,CACAO,カカオ
female,CADDIE,キャディ－
female,CAGE,ケ－ジ
female,CAKE,ケ－キ
female,CALENDULA,カレンデュラ
female,CALIIOPE,カリオペ
female,CALLA,キャラ
female,CAMELLIA,カメリア
female,CAMEO,カミオ
female,CAMISOLE,キャミソ－ル
female,CAMLET,カムリット
female,CAMOMILE,カモマイル
female,CAMPION,カンピアン
female,CANDY,キャンディ
female,CANNA,カンナ
female,CANONESS,カナニス
female,CANTATRICE,カンタ－トリ－ス
female,CAPPUCCINO,カプチ－ノ
female,CAPTRESS,カプトリス
female,CAPUCINE,カプュシヌ
female,CARAWAY,キャラウェイ
female,CARDOON,カ－ドウン
female,CARLINE,カ－リン
female,CARNATION,カ－ネ－ション
female,CARNEY,カ－ニ－
female,CAROL,キャロル
female,CAROLINE,キャロライン
female,CAROLLA,カロ－ラ
female,CAROSSA,カロッサ
female,CARRADINE,キャラダイン
female,CARRERA,カレラ
female,CARRIE,キャリ－
female,CARROT,キャロット
female,CARTIER,カルチェ
female,CASCARA,カスカ－ラ
female,CASSANDRA,カサンドラ
female,CASSIA,カッシァ
female,CASSIOPEIA,カシオペア
female,CASTANET,カスタネット
female,CATCHFLY,キャッチフライ
female,CATHER,キャサ－
female,CATHERINE,キャサリン
female,CATHY,キャシ－
female,CATTLEYA,カトレア
female,CAULIFLOWER,カリフラワ－
female,CECIL,セシル
female,CECILIA,セシリア
female,CECILY,セシリ－
female,CELINE,セリ－ヌ
female,CELYE,セリエ
female,CERES,シアリ－ズ
female,CHANEL,シャネル
female,CHAPERONE,シャペロウン
female,CHARIS,チャリス
female,CHARLOTTE,シャ－ロッテ
female,CHARM,チャ－ム
female,CHARMER,チャ－マ
female,CIAL,シアル
female,CHASTY,チャスティ－
female,CHATELAINE,シャテレイン
female,CHAUFFEUSE,ショウファ－ズ
female,CHEERIO,チェリオ
female,CHEESE,チ－ズ
female,CHEMILY,チェミリ－
female,CHERRY,チェリ－
female,CHERYL,シェリル
female,CHIT,チット
female,CHLOTA,クロ－タ
female,CHLOTHILDE,クロティルデ
female,CHLOTILA,クロティラ
female,CHRISSIE,クリッシ－
female,CHRISTINE,クリスティン
female,CHRISTY,クリスティ
female,CHRYSEIS,クライシ－ス
female,CINDERELLA,シンデレラ
female,CINDY,シンディ－
female,CINNAMON,シナモン
female,CITIZENESS,シティザニス
female,CITRON,シトロン
female,CITRUS,シトラス
female,CLAIRVOYANTE,クレアウ゛ォイアント
female,CLARA,クララ
female,CLARE,クレア
female,CLARICE,クラリス
female,CLARISSA,クラリッサ
female,CLAUDIA,クラウディア
female,CLAUDINE,クロディ－ヌ
female,CLEMENTINE,クレメンタイン
female,CLEOPATRA,クレオパトラ
female,CLERY,クレリ－
female,CLIO,クリオ
female,CLIPPIE,クリッピ－
female,CLORIS,クロリス
female,CLOVER,クロ－バ－
female,COCHIN,コ－チン
female,COCOA,ココア
female,COCONUTS,ココナッツ
female,COED,コウエド
female,COFFEE,コ－ヒ－
female,COFFER,コ－ファ
female,COLLEEN,コリ－ン
female,COLLETTE,コレット
female,COLLINE,コリ－ヌ
female,COLON,コロン
female,COCO,ココ
female,COMET,コメット
female,CONDUCTRESS,コンダクトリス
female,CONVENT,コンベント
female,CONY,コニ－
female,COQUETTE,コケット
female,COQUILLE,コキ－ル
female,CORNFLOWER,コ－ンフラワ－
female,CORONA,コロ－ナ
female,CORONAL,コロナル
female,CORONET,コラニト
female,CORSAGE,コサ－ジ
female,COSETTE,コゼット
female,COSMO,コスモ
female,COSMOS,コスモス
female,COTTON,コットン
female,COTY,コティ
female,COUNTESS,カウンティス
female,COURREGES,クレ－ジュ
female,COVERGIRL,カウ゛ァ－ガ－ル
female,CRANBERRY,クランベリ－
female,CREPE,クレ－プ
female,CRYSTAL,クリスタル
female,CURIE,キュ－リ
female,CURLY,カ－リ－
female,CUSTARD,カスタ－ド
female,CYBELE,シビリ－
female,CYCLAMEN,シクラメン
female,CYGNUS,シグナス
female,CYNTHIA,シンシア
female,CZARINA,ツア－リ－ナ
male,DABBER,ダッバ－
male,DABSTER,ダブスタ－
male,DACRON,ダクロン
male,DAD,ダッド
male,DADDY,ダディ
male,DAGER,ダガ－
male,DAGILO,ダギロ
male,DAGMAR,ダグマール
male,DAGO,ダゴ－
male,DAGOBERT,ダゴベルト
male,DAIDALOS,ダイダロス
male,DAIMLER,ダイムラ－
male,DAIQUIRI,ダイキリ
male,DALAILAMA,ダライラマ
male,DALE,デイル
male,DALESMAN,デイルズマン
male,DAMBO,ダンボ
male,DAMOCLES,ダモクレス
male,DANDY,ダンディ－
male,DANGLER,ダングラ－
male,DANIEL,ダニエル
male,DANKBERT,ダンクベルト
male,DANNY,ダニ－
male,DANTE,ダンテ
male,DANUB,ダヌ－ブ
male,DAPHNIS,ダフニス
male,DARIUS,ダリウス
male,DARLING,ダ－リング
male,DART,ダ－ト
male,DARTER,ダ－タ－
male,DARWIN,ダ－ウィン
male,DASH,ダッシュ
male,DASHER,ダッシャ－
male,DAUPHIN,ドウフィン
male,DAVE,デイブ
male,DAVID,デビット
male,DAVIDSON,デビッドソン
male,DAVINCI,ダビンチ
male,DAVIS,デイビス
male,DAVY,デイビ－
male,DAWES,ドウズ
male,DEACON,ディ－コン
male,DEALER,ディ－ラ－
male,DEAN,ディ－ン
male,DEBAUCHEE,ディボウチ－
male,DECALOGUE,デカロ－グ
male,DECAMERON,デカメロン
male,DECARTE,デカルト
male,DYNAMO,ダイナモ
male,DECKER,デッカ－
male,DECORUM,ディコ－ラム
male,DEFENDER,ディフェンダ－
male,DEFOE,ダフォウ
male,DEGAULLE,ドゴ－ル
male,DEGEN,デ－ゲン
male,DELEGATE,デリゲイト
male,DELICIOUS,デリシャス
male,DELTA,デルタ
male,DELUXE,デラックス
male,DEMIGOD,デミゴッド
male,DEMOKRIT,デモクリト
male,DENHAM,デンハム
male,DERBY,ダ－ビ－
male,DERRINGER,デリンジャ－
male,DESSIN,デッサン
male,DETROIT,デトロイト
male,DEUS,デウス
male,DEVELOPER,ディベロッパ－
male,DEVISER,ディバイザ－
male,DEVISSON,デビジョン
male,DEWEY,デュウイ
male,DIADEM,ダイアデム
male,DIALLO,ディアロ
male,DICK,ディック
male,DICKENS,ディケンズ
male,DIEGO,ディエゴ
male,DIET,ディ－ト
male,DIGNITY,ディグニティ
male,DYLAN,ディラン
male,DILLY,ディリィ
male,DINGEY,ディンギ－
male,DINGO,ディンゴ
male,DINKEY,ディンキィ
male,DIOGENES,ダイオジニ－ズ
male,DION,ディオン
male,DIOR,ディオ－ル
male,DIRAC,ディラック
male,DIRECTOR,ディレクタ－
male,DIRK,ディルク
male,DISBERT,ディスベルト
male,DISCOVERER,ディスカバラ－
male,DYCK,ダイク
male,DISNEY,ディズニ－
male,DIVER,ダイバ－
male,DIVES,ダイビ－ズ
male,DIVIDER,ディバイダ－
male,DIVING,ダイビング
male,DOALL,ドゥオ－ル
male,DOCTOR,ドクタ－
male,DOGGIE,ドッギ－
male,DOLF,ドルフ
male,DOLFO,ドルフォ
male,DOLLAR,ダラ－
male,DOLPHIN,ドルフィン
male,DOM,ドム
male,DOMINO,ドミノ
male,DON,ドン
male,DONALD,ドナルド
male,DONAR,ドナ－ル
male,DONEE,ドニ－
male,DONJUAN,ドンファン
male,DONKY,ドンキ－
male,DONQUIXOTE,ドンキホ－テ
male,DOSTOEVSKI,ドストエフスキ－
male,DOUGLAS,ダグラス
male,DOWNTOWN,ダウンタウン
male,DOYLE,ドイル
male,DRAFTER,ドラフタ－
male,DRAGON,ドラゴン
male,DRAKE,ドレイク
male,DRAPER,ドレイパ－
male,DREAMER,ドリ－マ－
male,DRIVER,ドライバ－
male,DRONE,ドロウン
male,DROVER,ドロウバ－
male,DRUGGIST,ドラッジスト
male,DRUMMER,ドラマ－
male,DRYDEN,ドライデン
male,DUET,デュエット
male,DUKE,デュ－ク
male,DUNHILL,ダンヒル
male,DURANT,デュラント
male,DUSTIN,ダスティン
male,DWARF,ドワ－フ－
female,DIVE,ダイウ゛
female,DAHLIA,ダリア
female,DAIN,デイン
female,DAINTY,ディンティ－
female,DAIRYMAID,デアリメイド
female,DAISY,デイジ－
female,DAME,デイム
female,DAMOISELLE,ダモアゼル
female,DAMSEL,ダムゼル
female,DANAE,ダ－ナエ
female,DANCER,ダンサ－
female,DANDELION,ダンデライオン
female,DANKA,ダンカ
female,DAPHNE,ダフネ
female,DATURA,ダチュ－ラ
female,DAUGHTER,ドゥ－タ－
female,DEACONESS,ディ－カニス
female,DEARY,デアリ－
female,DEBORAH,デボラ
female,DEBUT,デビュ－
female,DEDI,ディディ
female,DELA,デラ
female,DELICATE,デリケ－ト
female,DELILAH,デリラ－
female,DELIUS,デリウス
female,DEMETER,ディミ－タ
female,DENISE,ドゥニ－ス
female,DERRIS,デリス
female,DESERT,デザ－ト
female,DESIGNER,デザイナ－
female,DESTINY,デスティニ－
female,DIAMOND,ダイアモンド
female,DIANA,ダイアナ
female,DIANE,ダイアン
female,DIARY,ダイアリ－
female,DIETA,ディ－タ－
female,DILIA,ディ－リア
female,DINAH,ダイナ
female,DINNER,ディナ－
female,DIRECTRESS,ディレクトレス
female,DISA,ディ－ザ
female,DISCOVERT,ディスカウ゛ァト
female,DISTAFF,ディスタ－フ
female,DIVE,ディウ゛ァ
female,DIVINER,ディバイナ－
female,DIVINITY,ディビニティ－
female,DIXIE,ディクシ－
female,DOCTRESS,ドクトリス
female,DOE,ドウ
female,DOLCE,ドルチェ
female,DOLL,ド－ル
female,DOLLY,ドリ－
female,DONAH,ドナ－
female,DORA,ド－ラ
female,DORETTE,ドレッテ
female,DORIS,ドリス
female,DOROMA,ドロマ
female,DOROTHEA,ドロシ－ア
female,DOROTHY,ドロシ－
female,DOVE,ダウ゛
female,DOYENNE,ドウィエン
female,DRAGEE,ドラ－ジ－
female,DREAM,ドリ－ム
female,DREAMY,ドリ－ミ－
female,DRESS,ドレス
female,DRESSER,ドレッサ－
female,DROP,ドロップ
female,DRYADE,ドリア－ダ
female,DUCHESS,ダッチス
female,DUMMY,ダミ－
female,DURAS,デュラス
female,DURIAN,ドリアン
male,EAGER,イ－ガ－
male,EAGLE,イ－グル
male,EAGLET,イ－グレット
male,EARL,ア－ル
male,EARTH,ア－ス
male,EASEL,イ－ズル
male,EATER,イ－タ－
male,EAVES,イ－ブス
male,EBBO,エッボ－
male,EBERT,エバルト
male,ECHO,エコ－
male,ECKERMAN,エカ－マン
male,ECLOGUE,エクロ－グ
male,ECONOMIST,エコノミスト
male,EDDY,エディ－
male,EDEN,エデン
male,EDGAR,エドガ－
male,EDIFFICE,エディフィス
male,EDILO,エディロ
male,EDINBURGH,エジンバラ
male,EDISON,エジソン
male,EDITOR,エディタ－
male,EDMAR,エドマ－ル
male,EDOMOND,エドモンド
male,EDUCATOR,エデュケイタ－
male,EDWARD,エドワ－ド
male,EDWIN,エドウィン
male,EFFIGY,エッフィジィ
male,EFFORT,エフォ－ト
male,EGBERT,エクベルト
male,EGG,エッグ
male,EGGER,エッガ－
male,EGGHEAD,エッグヘット
male,EGGO,エッゴ－
male,EGMONT,イグモント
male,EIDOLON,アイドロン
male,EIFFEL,エッフェル
male,EIGER,アイガ－
male,EINAUGE,アイナウジ
male,EINSTEIN,アインシュタイン
male,EISEN,アイゼン
male,EISENHOWER,アイゼンハウア－
male,EITEL,アイテル
male,EJECT,イジェクト
male,ELAN,エイラ－ン
male,ELAND,イ－ランド
male,ELBE,エルベ
male,ELBOW,エルボウ
male,ELD,エルド
male,ELDOLADO,エルドラド
male,ELEASAR,エレアザ－ル
male,ELEATE,エレア－タ
male,ELEC,エレク
male,ELECTOR,イレクタ－
male,ELECTRON,エレクトロン
male,ELEGIST,エリジスト
male,ELF,エルフ
male,ELFLAND,エルフランド
male,ELIAS,エリ－アス
male,ELIJAH,イリヤ
male,ELIOT,エリオット
male,ELITE,エリ－ト
male,ELK,エルク
male,ELOHIM,エロウヒム
male,ELPHANT,エルファント
male,ELVIS,エルビス
male,ELYSIUM,イリジィアム
male,EMANCIPATOR,イマンシペイタ－
male,EMBASSY,エンバシ－
male,EMBER,エンバ－
male,EMBLEM,エンブレム
male,EMCEE,エムシ－
male,EMERSON,エマ－ソン
male,EMINENCE,エミナンス
male,EMISSARY,エミサリ
male,EMMANUEL,エマニュエル
male,EMMO,エンモ－
male,EMOTION,エモ－ション
male,EMPEROR,エンペラ－
male,EMPIRE,エンパイア
male,EMPRISE,エンプライズ
male,EMULATOR,エミュレイタ－
male,ENCORE,アンコ－ル
male,ENDEAVOR,エンデバ－
male,ENDUE,エンデュ－
male,ENDYMION,エンディミアン
male,ENERGY,エナ－ジ－
male,ENGEL,エンゲル
male,ENGINEER,エンジニア
male,ENGRAVER,イングレイバ－
male,ENSIGN,エンサイン
male,ENTERTAINER,エンタ－ティナ－
male,ENVOY,エンボイ
male,EPHOR,エフォ
male,EPICURE,エピキュア
male,EPOCH,エポック
male,ERASTIAN,イラスティアン
male,ERDMANN,エ－ルトマン
male,ERICK,エリック
male,EROS,エロス
male,ERRANTRY,エラントリ－
male,ESAU,エソウ
male,ESCAPEE,エスケイピ－
male,ESCORT,エスコ－ト
male,ESPA,エスパ
male,ESPERANTO,エスペラント
male,ESPRIT,エスプリ
male,ESQUIRE,エスクワイア
male,ESSAYIST,エッセイスト
male,ESTATE,エステ－ト
male,ETHER,イ－ザア
male,ETZEL,エッツェル
male,EUCHRE,ユ－カ－
male,EUCLID,ユ－クリド
male,EUGENE,ユ－ジ－ン
male,EULOGIST,ユ－ロジスト
male,EVELIN,イ－ブリン
male,EVEREST,エベレスト
male,EVERYMAN,エブリィマン
male,EVICTOR,エビクタ－
male,EXAMINER,エグザミナ－
male,EXARCH,エクサ－ク
male,EXCEL,エクセル
male,EXCELLENCE,エクセレンス
male,EXEMPLAR,イグゼンプラ－
male,EXITER,エクサイタ－
male,EXPERT,エキスパ－ト
male,EXPLORER,エクスプロア
male,EXPONENT,エクスポ－ナント
male,EXPORTER,エクスポ－タ－
male,EXPRESS,エクスプレス
male,EXTRA,エキストラ
male,EZECHIEL,エゼキエル
male,EZRA,エズラ
female,EARDROP,イヤドロップ
female,EARRING,イアリング
female,EARTHNUT,ア－スナッツ
female,EASTER,イ－スタ－
female,EASTON,イ－ストン
female,EBBA,エッバ－
female,ECLAIR,エクレア
female,EDA,エダ－
female,EDDA,エッダ
female,EDELA,エデラ
female,EDELTUS,エデルタス
female,EDELWEISS,エ－デルワイス
female,EDITH,エディス
female,EDITRESS,エディトリス
female,EDNA,エドナ
female,EFFIE,エフィ－
female,EGERIA,エゲ－リア
female,EGRET,イグリット
female,EIDER,アイダ－
female,EIRENE,イレネ－
female,ELECTRESS,エレクトリス
female,ELEGANCE,エレガンス
female,ELEGANT,エレガント
female,ELEKTRA,エレクトラ
female,ELENOR,エリノア
female,ELFE,エルフェ
female,ELISA,エリ－ザ
female,ELISHA,エリシャ
female,ELIZABETH,エリザベス
female,ELLA,エルラ－
female,ELLEN,エレン
female,ELLIE,エリ－
female,ELM,エルム
female,ELPHIN,エルフィン
female,ELZA,エルザ
female,EMBLA,エンブラ
female,EMERALD,エメラルド
female,EMERY,エメリ－
female,EMILE,エミ－ル
female,EMILIA,エミ－リア
female,EMILY,エミリ－
female,EMINENT,エミネント
female,EMIR,エミア
female,EMM,エム
female,EMMA,エマ
female,EMMIE,エミ－
female,EMPRESS,エンプレス
female,EMU,エミュ－
female,ENAMEL,エナメル
female,ENCHANTRESS,エンチャントリス
female,ENDLESS,エンドレス
female,ENNUI,アンニュイ
female,EOS,エmale
female,ERATO,エラトウ
female,ERDA,エルダ
female,ERIKA,エリカ
female,ERIN,エ－リン
female,ERIS,エリス
female,ERMA,エルマ－
female,ERMIN,エ－ミン
female,ERMINA,エルミナ
female,ERMINE,ア－ミン
female,ERNA,エルナ－
female,ESPRESSO,エスプレッソ
female,ESSENCE,エッセンス
female,ESTHER,エステ－ル
female,ESTONIA,エストニア
female,ESTRONE,エストロン
female,ETRANGER,エトランゼ
female,ETTA,エッタ
female,ETUDE,エチュ－ド
female,EUGENIA,イウジニア
female,EUMENIDE,イウメニ－ダ
female,EUNOMIA,イウノ－ミア
female,EVA,エバ
female,EVANGELINE,エウ゛ァンジリン
female,EVANS,エバンス
female,EVE,イブ
female,EVIAN,エビアン
female,ELSIE,エルシ－
female,EYEFUL,アイフル
male,FABIAN,フェビアン
male,FABRE,ファ－ブル
male,FACER,フェイサ－
male,FADDIST,ファディスト
male,FADDY,ファディ
male,FAFNER,ファフナ－
male,FAG,ファグ
male,FAGOT,ファゴット
male,FAHREN,ファ－レン
male,FAIRBANKS,フェアバンクス
male,FAITH,フェイス
male,FALCHION,フォ－ルチョン
male,FALCON,ファルコン
male,FALKO,ファルコ
male,FALLOW,ファロ－
male,FALSTAFF,フォルスタッフ
male,FAME,フェイム
male,FANCIER,ファンシャ－
male,FANFAN,ファンファン
male,FANG,ファング
male,FANT,ファント
male,FANTA,ファンタ
male,FANTAN,ファンタン
male,FANTASY,ファンタジ－
male,FANTON,ファントン
male,FARADAY,ファラデ－
male,FARALD,ファラルド
male,FARMER,ファ－マ－
male,FARO,フェアロウ
male,FARRIER,ファリア
male,FASOLD,ファゾルト
male,FASTRAD,ファストラ－ド
male,FATAL,フェイタル
male,FATOR,ファト－ル
male,FAUKNER,フォ－クナ－
male,FAUNUS,ファウヌス
male,FAUST,ファウスト
male,FAVOR,フェイバ－
male,FAVORITE,フェボライト
male,FAWN,フォ－ン
male,FAYSAL,フェイサル
male,FEEDER,フィ－ダ－
male,FEIST,フェイスト
male,FELIX,フェリックス
male,FELLER,フェラ－
male,FELLOW,フェロウ
male,FELSEN,フェルゼン
male,FELT,フェルト
male,FEMINIST,フェミニスト
male,FEN,フェン
male,FENCER,フェンサ－
male,FENDER,フェンダ－
male,FENIAN,フィ－ニアン
male,FERDINAND,フェルディナンド
male,FERMI,フェルミ
male,FERNANDO,フェルナンド
male,FERRARI,フェラ－リ
male,FERRET,フェリット
male,FERRY,フェリ－
male,FERVOR,ファ－バ－
male,FESTAL,フェスタル
male,FESTIVA,フェスティバ
male,FIANCE,フィアンセ
male,FICTIONIST,フィクショニスト
male,FIDDLER,フィドラ
male,FIDELIO,フィデリオ
male,FIDGET,フィジット
male,FIELD,フィ－ルド
male,FIELDER,フィ－ルダ－
male,FIGARO,フィガロ
male,FIGHT,ファイト
male,FIGHTER,ファイタ－
male,FIGURANT,フィギュアラント
male,FIJIAN,フィ－ジアン
male,FILIBERT,フィリベルト
male,FILS,フィルス
male,FINALIST,ファイナリスト
male,FINANCIER,ファイナンシャ－
male,FINDER,ファインダ－
male,FINE,ファイン
male,FINISHER,フィニシャ－
male,FINNER,フィナ－
male,FINO,フィノ
male,FIRE,ファイヤ－
male,FISHER,フィッシャ－
male,FITTER,フィッタ－
male,FITZ,フィッツ
male,FIXER,フィクサ－
male,FLAMEN,フレイメン
male,FLANDERS,フランダ－ス
male,FLASH,フラッシュ
male,FLASHER,フラッシャ－
male,FLAVOR,フレ－バ－
male,FLEET,フリ－ト
male,FLESHER,フレッシャ－
male,FLETCHER,フレッチャ－
male,FLICKER,フリッカ－
male,FLINT,フリント
male,FLOATER,フロ－タ－
male,FLODO,フロ－ド
male,FLORIST,フロ－リスト
male,FLOSS,フロス
male,FLOYD,フロイド
male,FLUNKY,フランキ－
male,FLURRY,フラ－リ－
male,FLYER,フライヤ－
male,FOLIO,フォリオ
male,FOLK,フォ－ク
male,FOLKER,フォルカ－
male,FOLKMAR,フォウクマ－ル
male,FOLKO,フォルコ
male,FOLLOWER,フォロウア－
male,FOOTBOY,フットボ－イ
male,FOOTMAN,フットマン
male,FOP,フォップ
male,FORCE,フォ－ス
male,FORD,フォ－ド
male,FOREMAN,フォアマン
male,FOREST,フォ－レスト
male,FORGER,フォ－ジャ－
male,FORMER,フォ－マ－
male,FORSEER,フォ－シァ－
male,FORTUNE,フォ－チュン
male,FOSSEY,フォッセ－
male,FOSTER,フォスタ－
male,FOUNDER,ファウンダ－
male,FOWLER,ファウラ－
male,FOXY,フォクシ－
male,FRAM,フラム
male,FRAMBALD,フラムバルト
male,FRANCO,フランコ
male,FRANK,フランク
male,FRANKLIN,フランクリン
male,FRED,フレッド
male,FREDDY,フレッディ
male,FREDERICK,フレデリック
male,FREEK,フリ－ク
male,FREEMASSON,フリ－メ－ソン
male,FREKI,フレ－キ
male,FRENCH,フレンチ
male,FRESHMAN,フレッシュマン
male,FREUD,フロイト
male,FRIDO,フリ－ド
male,FRIEDMUND,フリ－トムント
male,FRIEND,フレンド
male,FRIGATE,フリゲイト
male,FRIPON,フリッポン
male,FRITZ,フリッツ
male,FRO,フロ－
male,FROGGY,フロッギィ
male,FROGMAN,フロッグマン
male,FRONTIRE,フロンティア
male,FROST,フロスト
male,FROWALT,フロ－ウ゛ァルト
male,FROWIN,フロ－ウ゛ィン
male,FRUTE,フル－テ
male,FUGLEMAN,フュ－グルマン
male,FULMO,フルモ－
male,FUNK,ファンク
male,FUNKY,ファンキ－
male,FUTURE,フュ－チャ－
male,FUZZ,ファズ
female,FAERY,フエィアリ
female,FAIN,フェイン
female,FAIR,フェア
female,FAIRY,フェアリ－
female,FALL,フォ－ル
female,FANCY,ファンシ－
female,FANNY,ファニ－
female,FANON,ファノン
female,FANTASIA,ファンタジア
female,FANTASTIC,ファンタスティック
female,FARINA,ファリナ
female,FARMERETTE,ファ－マレット
female,FARRAH,ファラ－
female,FASCIA,フェイシア
female,FASCINATOR,ファシネイタ－
female,FASHION,ファッション
female,FASTA,ファスタ
female,FAY,フェイ
female,FEE,フィ－
female,FELICIA,フェリシア
female,FEME,フィ－ム
female,FEMININE,フェミニン
female,FENJA,フェニア
female,FERMATA,フェルマ－タ
female,FERN,フェルン
female,FERRIS,フェリス
female,FESTA,フェスタ
female,FESTOON,フェストゥン
female,FIANCE,フィアンセ
female,FIBER,ファイバ－
female,FICHU,フィ－シュウ
female,FIFY,フィフィ－
female,FIGURANTE,フィギュラ－ンツ
female,FIJI,フィジ－
female,FILLE,フィ－ル
female,FILLET,フィレット
female,FILLY,フィリィ
female,FINETTE,フィネット
female,FINNEY,フィニ－
female,FITCH,フィッチ
female,FIZZ,フィズ
female,FLAME,フレイム
female,FLAMINGO,フラミンゴ
female,FLAN,フラン
female,FLANNEL,フランネル
female,FLAPJACK,フラップジャック
female,FLAPPER,フラッパ－
female,FLARE,フレア－
female,FLEECE,フリ－ス
female,FLEUR,フル－ル
female,FLIGHT,フライト
female,FLIPER,フリッパ－
female,FLOAT,フロ－ト
female,FLOCCOSE,フロックオゥス
female,FLOCKY,フロッキィ
female,FLORA,フロ－ラ
female,FLORENCE,フロ－レンス
female,FLORES,フロ－レス
female,FLORET,フロ－リット
female,FLORIAN,フロリアン
female,FLORIS,フロ－リス
female,FLORY,フロ－リ－
female,FLOSSIE,フロッシ－
female,FLOWER,フラワ－
female,FLOWERET,フラワ－リット
female,FLUTE,フル－ト
female,FOGLE,フォウグル
female,FONDA,フォンダ
female,FONDANT,フォンダント
female,FONTAINE,フォンティン
female,FONTANA,フォンタナ
female,FORTUNA,フォルトゥナ
female,FOUNDRESS,ファウンドリス
female,FOUNTAIN,ファウンティン
female,FRAELEIN,フロイライン
female,FRANCES,フランシス
female,FRANCESCA,フランセスカ
female,FRANCINE,フランシ－ヌ
female,FRANCOIS,フランソワ
female,FRAPPE,フラッペ
female,FRAU,フラウ
female,FREEDOM,フリ－ダム
female,FREESIA,フリ－ジア
female,FREIA,フライア
female,FRESH,フレッシュ
female,FRIDA,フリダ
female,FRIEDA,フリ－ダ
female,FRIGGA,フリッガ－
female,FRILL,フリル
female,FRINGE,フリンジ
female,FRISA,フリ－ザ
female,FRISETTE,フリゼット
female,FRODA,フロダ
female,FRONTINUS,フロンティヌス
female,FROSTY,フロスティ－
female,FROUFROU,フルフル
female,FRUIT,フル－ツ
female,FUCHSIA,フュシア
female,FUCUS,フュカス
female,FULLA,フルラ－
female,FULMAR,フルマ－
male,GAB,ギャブ
male,GABION,ゲイビアン
male,GABLE,ゲ－ブル
male,GABRIEL,ガブリエル
male,GABY,ガビ－
male,GAFFER,ガッファ
male,GAGARIN,ガガ－リン
male,GAGMAN,ギャグマン
male,GAINER,ゲイナ－
male,GAIT,ゲイト
male,GALAHAD,ガラハッド
male,GALAXY,ギャラクシィ
male,GALE,ゲイル
male,GALEN,ゲイリン
male,GALENUS,ガレナウス
male,GALILEO,ガリレオ
male,GALIXON,ガリクソン
male,GALLANT,ギャラン
male,GALLANTRY,ギャラントリ
male,GALLIA,ガリア
male,GALLOP,ギャロップ
male,GALOPIN,ガロパン
male,GAMBLER,ギャンブラ－
male,GAMESTER,ゲ－ムスタ－
male,GANDHI,ガンジ－
male,GANGER,ギャンガ－
male,GANYMEDE,ギャニミ－ド
male,GARCON,ギャルソン
male,GARIBALDI,ガリバルディ
male,GARLICK,ガ－リック
male,GARY,ゲ－リ
male,GASCON,ガスコン
male,GASTON,ガストン
male,GATEKEEPER,ゲ－トキ－パ－
male,GAUCHO,ガウチョ
male,GAWAIN,ガ－ウェイン
male,GEIGER,ガイガ－
male,GELMO,ゲルモ
male,GEMINI,ジェミニ
male,GENDARME,ジャ－ンダ－ム
male,GENERAL,ジェネラル
male,GENESIS,ジェネシス
male,GENIUS,ジ－ニアス
male,GENMA,ジェンマ
male,GENT,ジェント
male,GENTLEMAN,ジェントルマン
male,GENTRY,ジェントリ－
male,GEO,ジオ
male,GEORGE,ジョ－ジ
male,GEORGIA,ジョ－ジア
male,GERALD,ジェラルド
male,GERARD,ジェラ－ド
male,GERE,ギア
male,GERHART,ゲルハ－ト
male,GERONIMO,ジェロニモ
male,GHAZI,ガ－ジ－
male,GHIBELLINE,ギビリン
male,GIANCARLO,ジャンカルロ
male,GIANT,ジャイアント
male,GIDDY,ギデイ－
male,GIDEON,ジィディアン
male,GIDO,ジド－
male,GILBERT,ギルバ－ト
male,GILLIE,ギリ－
male,GIN,ジン
male,GINGER,ジンジャ－
male,GIPPY,ジッピ－
male,GIRARDO,ジラルド
male,GIVER,ギバ－
male,GLAD,グラッド
male,GLADIATOR,グラディエ－タ－
male,GLADSTONE,グラッドストン
male,GLAZUNOV,グラズノ－フ
male,GLEE,グリ－
male,GLEEMAN,グリ－マン
male,GLEN,グレン
male,GLICO,グリコ
male,GLINT,グリント
male,GLISTEN,グリスン
male,GLITTER,グリッタ－
male,GLORIOLE,グロ－リオウル
male,GLORY,グロ－リ
male,GLUCK,グルック
male,GLUTTON,グラットン
male,GNOME,ノウム
male,GOAT,ゴ－ト
male,GOATHERD,ゴ－トハ－ト
male,GOBBLER,ゴブラ－
male,GOBLIN,ゴブリン
male,GODFATHER,ゴッドファ－ザ－
male,GODFREY,ゴッドフリ－
male,GOETHE,ゲ－テ
male,GOGOL,ゴ－ゴル
male,GOLD,ゴ－ルド
male,GOLF,ゴルフ
male,GOLIATH,ゴリアス
male,GOODMAN,グッドマン
male,GOOFY,グ－フィ－
male,GOONY,グ－ニ－
male,GORBIE,ゴルビ－
male,GORDIUS,ゴ－ディアス
male,GORDON,ゴ－ドン
male,GORE,ゴア
male,GORKIJ,ゴ－リキ
male,GOSPELLER,ゴスペラ－
male,GOSSOON,ゴス－ン
male,GOURMAND,グアマンド
male,GOVERNER,ガバナ－
male,GRABBER,グラバ－
male,GRAFFITI,グラフティ
male,GRAFTER,グラフタ－
male,GRAHAM,グラハム
male,GRAIL,グレイル
male,GRAIN,グレイン
male,GRANDEE,グランディ
male,GRANDPRIX,グランプリ
male,GRANT,グラント
male,GRANTEE,グランティ－
male,GRANTOR,グランタ－
male,GRANTS,グランツ
male,GRAPHIC,グラフィック
male,GRAZIER,グレイジャ－
male,GREET,グリ－ト
male,GREG,グレッグ
male,GREGORY,グレゴリ－
male,GRIFFICE,グリフィス
male,GRIFFIN,グリフィン
male,GRIFTER,グリフタ－
male,GRIG,グリグ
male,GRILL,グリル
male,GRIMO,グリモ
male,GRIZZLY,グリズリ－
male,GRNGER,グレンジャ－
male,GROOM,グル－ム
male,GROWER,グロワ－
male,GRUBBER,グラッバ－
male,GUARDER,ガ－ダ－
male,GUEST,ゲスト
male,GUIDE,ガイド
male,GULLIVER,ガリバ－
male,GUNDO,グンド
male,GUNMAN,ガンマン
male,GUNNY,ガニ－
male,GUPPY,グッピ－
male,GUSTAV,グスタ－フ
male,GUSTO,ガスト－
male,GUTTLER,ガットラ－
male,GUY,ガイ
male,GUZZLER,ガッズラ－
female,GAIA,ガイア
female,GAL,ギャル
female,GALA,ガ－ラ
female,GALATEA,ギャラティア
female,GALETTE,ガレット
female,GAM,ギャム
female,GAMBOL,ガムボル
female,GAMMER,ガマ－
female,GARANCE,ギャランス
female,GARBERA,ガ－ベラ
female,GARDENIA,ガ－デニア
female,GARDNER,ガ－ドナ－
female,GARLAND,ガ－ランド
female,GARNER,ガ－ナ－
female,GARNET,ガ－ネット
female,GARNISH,ガ－ニッシュ
female,GATHER,ギャザ－
female,GAUZY,ゴウズィ
female,GAVOT,ギャウ゛ォット
female,GAZELLE,ガゼル
female,GEFION,ゲ－フィフォン
female,GELMA,ゲルマ
female,GEM,ジェム
female,GEMUT,ゲミュ－ト
female,GINA,ジーナ
female,GIANTESS,ジャイアンティス
female,GIFT,ギフト
female,GIGI,ジジ
female,GILDA,ギルダ
female,GIMLET,ギムレット
female,GINA,ジ－ナ
female,GIRL,ガ－ル
female,GIRLIE,ガ－リ－
female,GISA,ギサ
female,GIULIETTA,ジュリエッタ
female,GIVENCHY,ジバンシ－
female,GLADIOLAS,グラジオラス
female,GLADYS,グラディス
female,GLAMOUR,グラマ－
female,GLAVINA,グラビナ
female,GLENDA,グレンダ
female,GLORIA,グロリア
female,GLOSS,グロス
female,GLOXINIA,グロキシニア
female,GLYNNIS,グリニス
female,GNOMIDE,ノウミド
female,GNOSIS,ノオウシス
female,GOA,ゴゥア
female,GODA,ゴ－ダ
female,GODDESS,ゴッディス
female,GOI,ゴ－イ
female,GONDOLA,ゴンドラ
female,GOODLINESS,グッドリニス
female,GOODY,グッディ
female,GOOSE,グ－ス
female,GOOSEBERRY,グ－ズベリ－
female,GOPHER,ゴ－ファ
female,GORAL,ゴ－ラル
female,GORGEOUS,ゴ－ジャス
female,GORSE,ゴ－ス
female,GOTTIN,ガティン
female,GOUDA,ガウダ
female,GRACE,グレ－ス
female,GRACIAS,グラシアス
female,GRAMMY,グラミ－
female,GRAPE,グレ－プ
female,GRASS,グラス
female,GRAZIE,グラ－ツィア
female,GRAZIELLA,グラジェラ
female,GRENADA,グレナダ
female,GRIMHILD,グリムヒルト
female,GRIMM,グリム
female,GRISETTE,グリゼット
female,GRISSINI,グリッシ－ニ
female,GROA,グロ－ア
female,GUCCI,グッチ
female,GUDRUN,グ－ドルン
female,GULL,ガル
female,GUNDA,グンダ
female,GYPSY,ジプシ－
male,HABAKKUK,ハバッカク
male,HABITAN,ハビタン
male,HABITUE,ハビチュウ
male,HACK,ハック
male,HACKMAN,ハックマン
male,HAGGAI,ハッゲアイ
male,HAIL,ヘイル
male,HAKE,ヘイク
male,HAKIM,ハ－キム
male,HAL,ハル
male,HALF,ハ－フ
male,HALL,ホ－ル
male,HALLELUJAH,ハレルヤ
male,HALLEY,ハレ－
male,HALMA,ハルマ
male,HALO,ヘイロウ
male,HAMAL,ハマ－ル
male,HAMILTON,ハミルトン
male,HAMLET,ハムレット
male,HAMMET,ハメット
male,HAMMURABI,ハムラビ
male,HANDSOME,ハンサム
male,HANDYMAN,ハンディマン
male,HANK,ハンク
male,HANNIBAL,ハンニバル
male,HANS,ハンス
male,HARBERT,ハ－ベルト
male,HARBOR,ハ－バ－
male,HARD,ハ－ド
male,HARDI,ハルディ
male,HARDY,ハ－ディ－
male,HARLOT,ハ－ロット
male,HAROLD,ハロルド
male,HARPAGON,ハ－パゴン
male,HARRIOT,ハリオット
male,HARRIS,ハリス
male,HARRISON,ハリソン
male,HARRY,ハリ－
male,HARTMAN,ハルトマン
male,HARVARD,ハ－バ－ド
male,HARVEY,ハ－ビ－
male,HASSEL,ハッセル
male,HASSET,ハセット
male,HATCH,ハッチ
male,HATTER,ハッタ－
male,HAUFF,ハウフ
male,HAVILDAR,ハビルダ－
male,HAWARD,ハワ－ド
male,HAWK,ホ－ク
male,HAWKER,ホ－カ－
male,HAWTHORNE,ホ－ソ－ン
male,HAYDN,ハイドン
male,HAZEL,ヘ－ゼル
male,HEADMASTER,ヘッドマスタ－
male,HEARN,ハ－ン
male,HEARST,ハ－スト
male,HECTOR,ヘクタ－
male,HEDREN,ヘドレン
male,HEELER,ヒ－ラ－
male,HEGEL,ヘ－ゲル
male,HEIN,ハイン
male,HEINRICH,ハインリッヒ
male,HEINZ,ハインツ
male,HELD,ヘルド
male,HELICON,ヘリコン
male,HELIOS,ヒ－リアス
male,HELM,ヘルム
male,HEMINGWAY,ヘミングウェイ
male,HENDEL,ヘンデル
male,HENNING,ヘニング
male,HENRY,ヘンリ－
male,HERAKLES,ヘラクレス
male,HERBERT,ヘルベルト
male,HERCULES,ハ－キュリ－ズ
male,HERDER,ヘルダ－
male,HERDSMAN,ハ－ドズマン
male,HERITOR,ヘリタ－
male,HERMAN,ヘルマン
male,HERMES,ヘルfemale
male,HERO,ヒ－ロ－
male,HEROD,ヘラド
male,HERON,ヘロン
male,HERSCHEL,ハ－シェル
male,HERTZ,ヘルツ
male,HERZOG,ヘルツオ－ク
male,HESPERUS,ヘスパラス
male,HESSE,ヘッセ
male,HETMAN,ヘットマン
male,HEWER,ヒュ－ア
male,HEY,ヘイ
male,HICKORY,ヒッコリ－
male,HIDALGO,ヒダルゴ
male,HIDENBURG,ヒンデンブルク
male,HIGHBROW,ハイブロ－
male,HIGHLAND,ハイランド
male,HIGHLIGHT,ハイライト
male,HIGHWAY,ハイウェイ
male,HIKER,ハイカ－
male,HILL,ヒル
male,HIPOCRATES,ヒポクラテス
male,HIPSTER,ヒプスタ－
male,HISTORY,ヒストリ－
male,HIT,ヒット
male,HITCH,ヒッチ
male,HOBBES,ホブス
male,HOBBY,ホビ－
male,HOBO,ホウボウ
male,HODGE,ホッジ
male,HOFFMANN,ホフマン
male,HOLIDAY,ホリディ
male,HOLLYWOOD,ハリウッド
male,HOLMES,ホ－ムズ
male,HOMER,ホ－マ－
male,HONOR,オナ－
male,HOOK,フック
male,HOOP,フ－プ
male,HOOPER,フ－パ－
male,HOORAY,フレイ
male,HOOVER,フ－バ－
male,HOPE,ホ－フ
male,HOPKINS,ホプキンス
male,HOPPER,ホッパ－
male,HORACE,ホラス
male,HORIZON,ホライズン
male,HORN,ホ－ン
male,HORST,ホルスト
male,HOST,ホスト
male,HOT,ホット
male,HOUSTON,ヒュ－ストン
male,HOWARD,ハワ－ド
male,HOWL,ハウル
male,HUBERT,ヒュバ－ト
male,HUCKLE,ハックル
male,HUDSON,ハドソン
male,HUGH,ヒュ－
male,HUGO,ヒュ－ゴ－
male,HULL,ハル
male,HUMAN,ヒュ－マン
male,HUMBERT,フンベルト
male,HUME,ヒュ－ム
male,HUMORIST,ヒュ－モリスト
male,HUMP,ハンプ
male,HUMPHREY,ハンフリ－
male,HUNTER,ハンタ－
male,HURLEY,ハ－レ－
male,HURON,ヒュ－ロン
male,HURRAH,フラ－
male,HURRICANE,ハリケ－ン
male,HUSTLER,ハスラ－
male,HUTTE,ヒュッテ
male,HUXLEY,ハクスリ－
male,HUZZA,ハザ－
male,HYDE,ハイド
male,HYKSOS,ヒクソス
female,HABANERA,ハバネラ
female,HACKNEY,ハクニ－
female,HADA,ハ－ダ
female,HADILA,ハ－ディラ
female,HANETT,ハネット
female,HANNA,ハンナ
female,HAPPINESS,ハッピネス
female,HAPPY,ハッピ－
female,HAREBELL,ヘアベル
female,HARMONIA,ハルモニア
female,HARMONICA,ハ－モニカ
female,HARMONY,ハ－モニ－
female,HARNESS,ハ－ネス
female,HARP,ハ－プ
female,HARPY,ハ－ピ－
female,HARRIET,ハリエット
female,HATTY,ハッティ
female,HAVANA,ハバナ
female,HAYLEY,ヘイリィ－
female,HEADMISTRESS,ヘッドミストリス
female,HEART,ハ－ト
female,HEATH,ヒ－ス
female,HEAVEN,ヘブン
female,HEBE,ヒ－ビ
female,HECATE,ヘカティ
female,HEIDI,ハイジ
female,HEIFER,ヘファ
female,HEIL,ハイル
female,HEINE,ハイネ
female,HEIRESS,ヘアリス
female,HEL,ヘル
female,HELA,ヘラ
female,HELCYON,ヘルシアン
female,HELDIN,ヘルディン
female,HELEN,ヘレン
female,HELENE,ヘレネ
female,HELGA,ヘルガ
female,HELLENA,ヘレナ
female,HELOISE,ヘロイ－ザ
female,HENRIETTA,ヘンリエッタ
female,HEPBURN,ヘップバ－ン
female,HERB,ハ－ブ
female,HERE,ヒア
female,HEROINE,ヒロイン
female,HERSHEY,ハ－シ－
female,HESPERIDE,ヘスペリ－ダ
female,HETTA,ヘッタ－
female,HETTY,ヘッティ
female,HEX,ヘクス
female,HEXE,ヘクセ
female,HIBISCUS,ハイビスカス
female,HIGHNESS,ハイネス
female,HILDA,ヒルダ
female,HILDE,ヒルデ
female,HIND,ハインド
female,HOLLE,ホルレ
female,HOLLY,ホリ－
female,HONEY,ハニ－
female,HONEYBEE,ハニ－ビ－
female,HOREN,ホ－レン
female,HOSANNA,ホ－ザンナ
female,HOYDON,ホイドン
female,HULDIN,ヒルディン
female,HUMMING,ハミング
female,HUNTRESS,ハントリス
female,HUSSEY,ハッセ－
female,HYACINTH,ヒヤシンス
female,HYADES,ハイアディ－ズ
female,HYGEIA,ハイジィ－ア
female,HYMEN,ヒイメン
male,IAN,イアン
male,IASON,イアソン
male,IBERIAN,イベリアン
male,IBEX,イベックス
male,IBIS,アイビス
male,IBSEN,イブセン
male,ICARUS,イカロス
male,ICHOR,アイコウ
male,ICON,アイコン
male,IDOL,アイドル
male,IDOMENEE,イドメネ
male,IDYLIST,アイディリスト
male,IGLOO,イグル－
male,IKARIOS,イカリmale
male,IKE,アイク
male,IKON,イコン
male,ILIAD,イリアド
male,ILLUMINE,イリュ－ミン
male,ILLUSION,イリュ－ジョン
male,IMAGINE,イマジン
male,IMAGIST,イマジスト
male,IMAM,イマ－ム
male,IMBUE,インビュ－
male,IMITATOR,イミティタ－
male,IMMANUEL,イマニュエル
male,IMMORTAL,インモ－タル
male,IMMUNE,イミュ－ン
male,IMPACT,インパクト
male,IMPELLER,インペラ－
male,IMPERATOR,インペレイタ－
male,IMPERIAL,インペリアル
male,IMPISH,インピシュ
male,IMPOLDER,インポルダ－
male,IMPORTER,インポ－タ－
male,IMPROVER,インプロ－バ－
male,INBREAD,インブレッド
male,INCA,インカ
male,INCEPTOR,インセプタ－
male,INCOMER,インカマ－
male,INDIAN,インディアン
male,INDICTER,インディクタ－
male,INDIE,インディ－
male,INDIGO,インディゴ
male,INDRA,インドラ－
male,INFANTE,インファンテ
male,INFIRLDER,インフィ－ルダ－
male,INFORMER,インフォ－マ－
male,INGRAIN,イングレイン
male,INHERITOR,インヘリタ－
male,INITIATOR,イニシェイタ－
male,INK,インク
male,INNOCENT,イノセント
male,INNOVATOR,イノベ－タ－
male,INQUIRER,インクイアラ－
male,INSPECTOR,インスペクタ－
male,INSPIRE,インスパイア－
male,INSTRUCTOR,インストラクタ－
male,INSULATE,インシュレイト
male,INSURER,インシュアラ－
male,INTEGRA,インテグラ
male,INTENDANT,インテンダント
male,INTEREST,インタレスト
male,INTERPRETER,インタ－プリタ－
male,INTRODUCER,イントロデュ－サ－
male,INTRUDER,インツル－ダ－
male,INVADER,インベ－ダ－
male,INVENTION,インウ゛ェンション
male,INVENTOR,インベンダ－
male,INVESTOR,インベスタ－
male,ION,イオン
male,IRON,アイアン
male,IRONY,アイロニ－
male,ISAIAH,アイザイア
male,ISSAC,アイザック
male,ISTANBULL,イスタンブ－ル
male,ITALIA,イタリア
male,ITCH,イッチ
male,ITEM,アイテム
male,IVO,イウ゛ォ
male,IVY,アイビ－
male,IWAN,イワン
male,IWEIN,イウェイン
female,IBERIA,イベリア
female,ICECREAM,アイスクリ－ム
female,ICING,アイシンク
female,ICY,アイシ－
female,IDEA,イデア
female,IDOLATRESS,アイドレトリス
female,IDUNA,イデュ－ナ
female,ILIAS,イリアス
female,ILLUMINATION,イルミネ－ション
female,ILSA,イルザ
female,IMAGE,イマ－ジュ
female,IMELDA,イメルダ
female,IMIZA,イミ－ザ
female,IMMA,イマ
female,IMPRESS,インプレス
female,INAMORATA,イナモラ－タ
female,INDIANA,インディアナ
female,INERT,イナ－ト
female,INGA,インガ
female,INGENUE,インジェニュ
female,INGRID,イングリッド
female,INLET,インレット
female,INMATE,インメイト
female,INSECT,インセクト
female,INTERIOR,インテリア
female,IONIA,イオニア
female,IPHIGENIE,イフィジェニ
female,IREA,イリア
female,IRENE,イレ－ヌ
female,IRINE,アイリン
female,IRIS,アイリス
female,IRMA,イルマ
female,IRMHILD,イルムヒルト
female,IRMINA,イルミナ
female,ISA,イ－サ
female,ISABEL,イザベル
female,ISABELLA,イザベラ
female,ISIS,アイシス
female,ISOLDE,イゾルデ
female,ISTAR,イシュタル
female,IVA,イウ゛ァ
female,IVORY,アイボリ－
female,IXIA,イキシア
male,JACK,ジャック
male,JACKAL,ジャッカル
male,JACKANAPES,ジャッカネイプス
male,JACKASS,ジャッカス
male,JACKKNIFE,ジャックナイフ
male,JACKSON,ジャクソン
male,JACKTAR,ジャックタ－
male,JACOB,ヤコブ
male,JAEGER,イエイガ－
male,JAGUAR,ジャガ－
male,JAHN,ヤ－ン
male,JAILER,ジェイラ－
male,JALK,ヤルク
male,JAM,ジャム
male,JAMES,ジェイムズ
male,JANITOR,ジェニタ－
male,JANIZARY,ジャニザリ－
male,JANUS,ジェイナス
male,JARL,ヤ－ル
male,JAS,ジャス
male,JASON,ジェイソン
male,JAURES,ジョレス
male,JAVA,ジャワ
male,JAY,ジェイ
male,JAZZ,ジャズ
male,JEAN,ジ－ン
male,JEEP,ジ－プ
male,JEFFERSON,ジェフア－ソン
male,JEKYLL,ジキル
male,JEPHTHAH,ジェフサ－
male,JERK,ジャ－ク
male,JERRY,ジェリ－
male,JESS,ジェス
male,JESTER,ジェスタ－
male,JET,ジェツト
male,JETLINER,ジェットライナ－
male,JETTO,イエット
male,JIGGER,ジッガ－
male,JIM,ジム
male,JIMMY,ジミ－
male,JINGLE,ジングル
male,JINGO,ジンゴ
male,JINNEE,ジニ－
male,JINX,ジンクス
male,JOB,ジョブ
male,JOCKY,ジョッキ－
male,JOE,ジョ－
male,JOEL,ジョエル
male,JOHANN,ヨハン
male,JOHANNES,ヨハネス
male,JOHN,ジョン
male,JOHNNY,ジョニ－
male,JOKER,ジョ－カ－
male,JONATHAN,ジョナサン
male,JONES,ジョンズ
male,JONGLEUR,ジャングラ－
male,JONSON,ジョンソン
male,JOS,ジョス
male,JOSEPH,ジョセフ
male,JOSKIN,ジョスキン
male,JOSSER,ジョッサ－
male,JOUJOU,ジュジュ
male,JOURNEY,ジャ－ニ－
male,JOY,ジョイ
male,JOYCE,ジョイス
male,JUBIAN,ジュビアン
male,JUDAH,ユダ
male,JUDGE,ジャッジ
male,JUGGLE,ジャッグル
male,JUGGLER,ジャッグラ－
male,JULIAN,ジュリアン
male,JUMB0,ジャンボ
male,JUMPER,ジャンパ－
male,JUNKER,ユンカ－
male,JUPITER,ジュピタ－
male,JURY,ジュリ－
male,JUSTICE,ジャスティス
male,JUSTIN,ジャスティン
male,JUTE,ジュ－ト
female,JABOT,ジャボウ
female,JACINTH,ジャシンス
female,JACKSTONE,ジャックスト－ン
female,JACKSTRAW,ジャックストロ－
female,JACONET,ジャコネット
female,JACQUELINE,ジャックリ－ン
female,JADE,ジェイド
female,JANE,ジェ－ン
female,JANET,ジャネット
female,JANITRESS,ジャニトリス
female,JASMIN,ジャスミン
female,JASPER,ジャスパ－
female,JEALOUSY,ジェラシ－
female,JEANNE,ジャンヌ
female,JELL,ジェル
female,JEMMY,ジェミ－
female,JENNIFER,ジェニフア－
female,JENNY,ジェニ－
female,JESSICA,ジェシカ
female,JETTA,イェッタ－
female,JETTY,ジェティ－
female,JEWEL,ジュエル
female,JEWELRY,ジュエリ－
female,JEWELWEED,ジュウエルウィ－ド
female,JEWESS,ジュウイス
female,JEZEBEL,ジザベル
female,JILL,ジル
female,JILT,ジルト
female,JINNAH,ジンナ－
female,JOAN,ジョアン
female,JODY,ジョディ－
female,JOEY,ジョウイ
female,JOINTRESS,ジョイントリス
female,JOLANDE,ジョランデ
female,JOLLY,ジョリ－
female,JONA,ジョナ
female,JOSABETH,ジョザベス
female,JOSEPHINE,ジョセフィ－ヌ
female,JOTIN,ヨ－ティン
female,JOULE,ジュ－ル
female,JUBILEE,ジュビリ－
female,JUICE,ジュ－ス
female,JUJUBE,ジュ－ジュ－ブ
female,JULIA,ジュリア
female,JULIET,ジュリエット
female,JULIUS,ジュリアス
female,JULY,ジュライ
female,JUMPY,ジャンピ－
female,JUN,ジュン
female,JUNE,ジュ－ン
female,JUNGFRAU,ユングフラウ
female,JUNO,ジュノ－
female,JURA,ジュラ
female,JUSTINE,ジャスティ－ヌ
female,JUSTITIA,ジャスティチァ
female,JUSTY,ジャスティ－
female,JUTTA,ユッタ－
male,KABIRE,カビ－ラ
male,KABUL,カブ－ル
male,KAFFER,カフアル
male,KAISER,カイザ－
male,KALIF,カリフ
male,KANAKA,カナカ
male,KANT,カント
male,KANTOR,カント－ル
male,KARACHI,カラチ
male,KARO,カロ－
male,KASBAH,カスバ
male,KASHMIR,カシミ－ル
male,KAYAK,カヤック
male,KEATS,キ－ツ
male,KEEL,キ－ル
male,KEEPER,キ－パ－
male,KENNEDY,ケネディ
male,KENT,ケント
male,KEPI,ケピ
male,KEWPIE,キュ－ピ－
male,KEY,キ－
male,KEYNES,ケインズ
male,KHAN,カ－ン
male,KHMER,クメア
male,KICKER,キッカ－
male,KID,キッド
male,KIDDY,キッディ
male,KILT,キルト
male,KILTER,キルタ－
male,KILTIE,キルティ－
male,KIM,キム
male,KING,キング
male,KINGBIRD,キングバ－ド
male,KINGDOM,キングダム
male,KINGFISH,キングフィッシュ
male,KINGLET,キングリット
male,KINGPIN,キングピン
male,KINGSHIP,キングシップ
male,KINSMAN,キンズマン
male,KISMET,キスメット
male,KISSER,キサ－
male,KITCHENER,キッチナ－
male,KLAFFO,クラッフオ
male,KLAUS,クラウス
male,KLAXON,クラクサン
male,KLODO,クロ－ド
male,KLOTHAR,クロタ－ル
male,KNAPPER,ナッパ－
male,KNAVE,ネイブ
male,KNIGHT,ナイト
male,KNOCKER,ノッカ－
male,KNOLL,ノウル
male,KNOT,ノット
male,KOALA,コアラ
male,KOBOLD,コボウルド
male,KOCH,コッホ
male,KODAK,コダック
male,KOHL,コ－ル
male,KOLA,コ－ラ
male,KORAN,コ－ラン
male,KOTWAL,コ－トワ－ル
male,KRAKEN,クラ－ケン
male,KRANZ,クランツ
male,KREMLIN,クレムリン
male,KRIEGER,クレ－ジャ－
male,KRISHNA,クリシュナ
male,KRONA,クロ－ナ
male,KSHATRIYA,クシャ－トリア
male,KUNIBERT,クニベルト
male,KUNO,クノ－
male,KUNZ,クンツ
male,KURT,クルト
male,KYLOE,カイロウ
female,KAISERIN,カイザリン
female,KALLIOPE,カリ－オペ
female,KALMIA,カルミア
female,KARA,カ－ラ
female,KATE,ケイト
female,KATHARINE,カザリン
female,KATTIN,カッティン
female,KAURY,カウリ－
female,KAVA,カ－ウ゛ァ
female,KEENER,ケ－ナ－
female,KELP,ケルプ
female,KERCHIEF,カ－チ－フ
female,KEREN,ケ－ラン
female,KERMES,カ－ミ－ズ
female,KERRY,ケリ－
female,KETCH,ケッチ
female,KETCHUP,ケチャップ
female,KETTLE,ケトル
female,KEYPUNCHER,キ－パンチャ－
female,KINE,カイン
female,KINSWOMAN,キンズウ－マン
female,KIRTLE,カ－トル
female,KISS,キッス
female,KIT,キット
female,KITTEN,キットン
female,KITTIWAKE,キッティウエ－ク
female,KITTY,キッティ
female,KIWI,キウィ
female,KNITTER,ニタ－
female,KOSTBERA,コストベラ
female,KRAFTA,クラフタ
female,KRIEMHILDE,クリ－ムヒルデ
female,KRONE,クロ－ネ
female,KUNA,クナ－
female,KUNI,クニ－
female,KUNIBERTA,クニベルタ
female,KUNILDA,クニルダ
female,KUNIZA,クニザ
female,KUNNA,クンナ－
female,KYBELE,キ－ベレ
male,LABEL,ラベル
male,LABOR,レイバ－
male,LACKEY,ラッキ
male,LACQUER,ラッカ－
male,LAD,ラッド
male,LADDIE,ラッディ
male,LADYKILLER,レディキラ－
male,LAERTES,ラエルテス
male,LAGER,ラガ－
male,LAGOS,レイゴス
male,LAIC,レイック
male,LAIRD,レアド
male,LAMARCK,ラマ－ク
male,LAMB,ラム
male,LAMBDA,ラムダ
male,LAMBERT,ランバ－ト
male,LAMBKIN,ラムキン
male,LAMP,ランプ
male,LAMPION,ランピアン
male,LANCASTER,ランカスタ－
male,LANCE,ランス
male,LANCELET,ランスラット
male,LANCER,ランサ－
male,LANDGRAVE,ランドグレイブ
male,LANDILO,ランディ－ロ
male,LANDLORD,ランドロ－ド
male,LANDLUBBER,ランドラバ－
male,LANDOLF,ランドルフ
male,LANDSCAPER,ランドスケ－パ－
male,LANDSHIP,ランドシップ
male,LANTWIN,ラントウ゛ィン
male,LANZILO,ランツィ－ロ
male,LANZO,ランツオ－
male,LAPIDARY,ラピデリ－
male,LAPLACE,ラプラ－ス
male,LAPP,ラップ
male,LARES,レアリ－ズ
male,LARRIKIN,ラリキン
male,LASCAR,ラスカ－
male,LASER,レイザ－
male,LASSALLE,ラサ－ル
male,LATAKIA,ラタキ－ア
male,LAUAN,ラワン
male,LAUREL,ロ－レル
male,LAURIN,ラウリン
male,LAWRENCE,ロ－レンス
male,LAWYER,ロイヤ－
male,LAYMAN,レイマン
male,LAZARUS,ラザラス
male,LEADER,リ－ダ－
male,LEAGUER,リ－ガ－
male,LEARNER,ラ－ナ－
male,LECHER,レッチャ－
male,LEE,リ－
male,LEGION,リ－ジオン
male,LEMAN,レマン
male,LEMONADE,レモネ－ド
male,LENIN,レ－ニン
male,LEO,レオ
male,LEONARD,レオナルド
male,LEOPARD,レオパ－ド
male,LESSING,レシング
male,LEVIN,レビン
male,LEVITE,リ－バイト
male,LEX,レックス
male,LIEBO,リ－ボ
male,LIEBWIN,リ－ブウィン
male,LIEGE,リ－ジ
male,LIF,リ－フ
male,LILIPUT,リリピュット
male,LINCOLN,リンカ－ン
male,LINGUIST,リングイスト
male,LINNE,リンネ
male,LION,ライオン
male,LISBON,リスボン
male,LIT,リ－ト
male,LITMUS,リトマス
male,LITTON,リットン
male,LIVINGSTONE,リビングスト－ン
male,LODBROCK,ロ－トブロック
male,LODGER,ロッジャ－
male,LOGE,ロ－ゲ
male,LOHENGRIN,ロ－エングリン
male,LOMBARD,ロンバ－ド
male,LOOBY,ル－ビ－
male,LORD,ロ－ド
male,LORDLING,ロ－ドリング
male,LOTHARIO,ロザリオ
male,LOTUS,ロ－タス
male,LOUIS,ルイス
male,LOVER,ラバ－
male,LOWELL,ロ－エル
male,LUDOLF,ルドルフ
male,LUDOLT,ル－ドルト
male,LUDWIG,ル－トウ゛ィヒ
male,LURON,リュロン
male,LUSTER,リュスト－ル
male,LUTHER,ル－テル
male,LUTIN,リュタン
male,LUTZ,ルッツ
male,LUX,ラックス
male,LUXE,ルックス
male,LYMAN,ライマン
male,LYNX,リンクス
male,LYRICIST,リリシスト
female,LABELUM,ラベラム
female,LABURNUM,ラバ－ナム
female,LAC,ラック
female,LACE,レ－ス
female,LACTOSE,ラックトウス
female,LADY,レディ
female,LADY-SHIP,レディシップ
female,LADYBIRD,レディバ－ド
female,LADYHOOD,レディフッド
female,LAKE,レイク
female,LAKELET,レイクリット
female,LAME,ラメ
female,LAMIA,レイミア
female,LAMPREY,ランプリ
female,LANDA,ランダ
female,LANDGARD,ラントガルト
female,LANDLADY,ランドレディ
female,LANTERN,ランタ－ン
female,LAPIN,ラピン
female,LARK,ラ－ク
female,LASS,ラス
female,LASSIE,ラッシ－
female,LATONA,ラト－ナ
female,LAUFEYA,ラウフェ－ヤ
female,LAURA,ロ－ラ
female,LAVENDER,ラウ゛ェンダ－
female,LEA,レア
female,LEMON,レモン
female,LETA,レタ
female,LIANNE,リアンヌ
female,LIDA,リダ
female,LIEBGARD,リ－ブガ－ト
female,LIGHT-SKIRTS,ライトスカ－ツ
female,LILLIAN,リリアン
female,LILY,リリ－
female,LINDA,リンダ
female,LIONESS,ライオネス
female,LIONNE,リオンヌ
female,LIQUEUR,リキュア
female,LIRA,リラ
female,LISA,リサ
female,LISBETH,リスベス
female,LNADEGUND,ランデグント
female,LOOKER,ル－カ－
female,LORELEI,ロ－レライ
female,LORY,ロ－リ
female,LOTTY,ロッティ
female,LUCRETIA,ル－クリティア
female,LUITHA,ルイザ
female,LULLA,ル－ラ－
female,LULU,ルル
female,LURLEI,ル－ルライ
female,LUTHILD,ル－トヒルト
female,LUTINE,リュティン
female,LYDIA,リディア
male,MAC,マック
male,MACARTHUR,マッカ－サ－
male,MACAULAY,マッコウリ
male,MACBETH,マクベス
male,MACCBESS,マッカビ－ス
male,MACHIAVELI,マッキアベリィ
male,MACMILLAN,マクミラン
male,MADISON,マディソン
male,MAESTRO,マ－エストロ
male,MAETERLINCK,メ－テルリンク
male,MAGBERT,マクベルト
male,MAGE,メイジ
male,MAGELLAN,マゼラン
male,MAGFRID,マクフリ－ド
male,MAGI,メイジャイ
male,MAGICIAN,マジシャン
male,MAGISTRATE,マジストレイト
male,MAGNACARTA,マグナカルタ
male,MAGNATE,マグネイト
male,MAHARAJAH,マハラジャ
male,MAHATMA,マハトマ
male,MAHDI,マ－ディ
male,MAHOMET,マホメット
male,MAJOR,メジャ－
male,MAKER,メ－カ－
male,MALACHI,マラカイ
male,MALBERT,マルベルト
male,MALFRID,マルフリ－ト
male,MALLO,マロ－
male,MALTHUS,マルサス
male,MANAGER,マネ－ジャ－
male,MANCHESTER,マンチェスタ－
male,MANDARIN,マンダリン
male,MANDORIN,マンドリン
male,MANHART,マンハ－ト
male,MANI,マニ－
male,MANITO,マニトウ
male,MANKIND,マンカインド
male,MANSERVANT,マンサ－バンド
male,MANXMAN,マンクスマン
male,MARCONI,マ－コウニ
male,MARCUS,マ－カス
male,MARINER,マリナ－
male,MARK,マ－ク
male,MARKO,マルコ
male,MARKSMAN,マ－クスマン
male,MARKTWAIN,マ－クトウエイン
male,MARQUIS,マ－クイス
male,MARS,マ－ズ
male,MARSHAL,マ－シャル
male,MARTIAN,マ－シャン
male,MARTIN,マ－ティン
male,MARX,マ－クス
male,MASCOT,マスコット
male,MASCULINE,マスクリン
male,MASHER,マッシャ－
male,MASTER,マスタ－
male,MATADORE,マタド－ル
male,MATTHEW,マッシュ－
male,MAUGHAM,モ－ム
male,MAURICE,モ－リス
male,MAUSER,モ－ゼル
male,MAX,マックス
male,MAXIM,マキシム
male,MAXWELL,マックスウェル
male,MAYOR,メイヤ－
male,MEINHART,マインハルト
male,MELVILLE,メルウ゛ィル
male,MENCIUS,メンシアス
male,MENDEL,メンデル
male,MENELAUS,メニレイアス
male,MENTOR,メント－ル
male,MERCATOR,マ－ケイト－
male,MERCHANT,マ－チャント
male,MERCURE,メリキュ－ル
male,MERCURY,マ－キュリ－
male,MEREDITH,メラデス
male,MERLIN,マ－リン
male,MERMAN,マ－マン
male,MESSENGER,メッセンジャ－
male,MESSIAH,メシア
male,MICHAEL,マイケル
male,MICK,ミック
male,MICKEY,ミッキ－
male,MIDAS,マイダス
male,MIDGET,ミディット
male,MIG,ミグ
male,MILAN,ミラン
male,MILORD,ミロ－ド
male,MILTON,ミルトン
male,MINDER,マインダ－
male,MINISTER,ミニスタ－
male,MIRO,ミロ
male,MISER,マイザ－
male,MISTRAL,ミストラル
male,MOCKER,モッカ－
male,MOGUL,モウガル
male,MOHAMMED,モハメッド
male,MOHAWK,モウホ－ク
male,MANFRED,マンフレッド
male,MOLOTOV,モロトフ
male,MOMUS,モウマス
male,MONARCH,モナ－ク
male,MONK,モンク
male,MONOCRAT,モナクラット
male,MONROE,モンロ－
male,MONSOON,モンス－ン
male,MONTAIGNE,モンティン
male,MONTBLANC,モンブラン
male,MOONLIGHT,ム－ンライト
male,MOONSHINE,ム－ンシャイン
male,MOOR,ム－ア
male,MOPPET,モペット
male,MORE,モア
male,MORGAN,モ－ガン
male,MORMON,モ－マン
male,MORO,モロ
male,MOROCCAN,モロッカン
male,MORPHEUS,モ－フィアス
male,MORSE,モ－ス
male,MOSES,モ－ゼス
male,MOTION,モ－ション
male,MOUNTIE,マウンティ－
male,MOUTHER,マウザ－
male,MOZART,モ－ツァルト
male,MUHAMMAD,ムハメッド
male,MURALIST,ミュ－ラリスト
male,MUSKET,マスキット
male,MUSSOLINI,ムッソリ－ニ
male,MUTO,ムト－
female,MABEL,メイブル
female,MAD,マド
female,MADAM,マダム
female,MADEMOISELLE,マドモアゼル
female,MADONNA,マドンナ
female,MAENAD,ミ－ナド
female,MAGNOLIA,マグノ－リア
female,MAHARANEE,マ－ハラ－ニ
female,MAID,メイド
female,MAMSAHIB,メムサ－ヒブ
female,MANGO,マンゴ
female,MANICURIST,マニキュアリスト
female,MANNEQUIN,マニキン
female,MANNIN,メニン
female,MANTUA,マンチュア
female,MARA,マ－ラ
female,MARGARET,マ－ガレット
female,MARIAN,マリアン
female,MARIANNE,マリアンヌ
female,MARIE,マリ－
female,MARIGOLD,マリゴ－ルド
female,MARIMBA,マリンバ
female,MARMOTTE,マルモット
female,MARONE,マロ－ン
female,MARQUISE,マ－キ－ズ
female,MARTHA,マ－サ
female,MARY,マ－リ
female,MATILDA,マチルダ
female,MATRIARCH,メイトリア－ク
female,MATRON,メイトラン
female,MAUD,モ－ド
female,MAYA,マ－ヤ
female,MAYFLOWER,メイフラワ－
female,MAYORESS,メイアリス
female,MAYQUEEN,メイクィン
female,MEDEA,ミディ－ア
female,MEDUSA,ミデュ－サ
female,MEG,メグ
female,MEINA,マイナ－
female,MEINHILD,マインヒルト
female,MELODY,メロディ
female,MELPOMENE,メルポミニ
female,MENJA,メンヤ－
female,MERLE,マ－ル
female,MERMAID,マ－メイド
female,MERRINESS,メリニス
female,MERRY,メリ－
female,MESQUITE,femaleキ－ト
female,MIGNON,ミ－ニョン
female,MIGNONETTE,ミニャネット
female,MILADI,ミレイディ
female,MILDA,ミルダ
female,MILLI,ミリ－
female,MIMOSA,ミモザ
female,MINERVA,ミネルウ゛ァ
female,MINETTE,ミネット
female,MINNE,ミンネ
female,MINX,ミンクス
female,MIRETTE,ミレット
female,MISS,ミス
female,MISSIS,ミシス
female,MISSY,ミッシ－
female,MISTRESS,ミストリス
female,MOIRA,モイラ
female,MOLL,モル
female,MOLLY,モリィ
female,MOLY,モ－リ
female,MOM,モム
female,MONA-LISA,モナリザ
female,MONICA,モニカ
female,MOUSE,マウス
female,MOUSSELINE,モ－スリン
female,MOUSTIQUE,ムスティック
female,MUGUETTE,ミュゲット
female,MULBERRY,マルベリ－
female,MUSE,ミュ－ズ
female,MUSHROOM,マッシュル－ム
female,MUSLIN,マズリン
female,MUTCH,マッチ
female,MUU-MUU,ムウムウ
male,NABOTH,ネイボス
male,NAHUM,ネイハム
male,NANDO,ナント－
male,NANDOLF,ナンドルフ
male,NANSEN,ナンセン
male,NANTWIN,ナントウ゛ィン
male,NAPALM,ネイバ－ム
male,NAPHTHA,ナフサ
male,NALE,ナイル
male,NAPOLEON,ナポレオン
male,NARARCH,ナウァルス
male,NARCISUS,ナ－シサス
male,NARDO,ナルト－
male,NARK,ナ－ク
male,NARRATOR,ナレイタ－
male,NARZISS,ナルツィス
male,NATHAN,ナタン
male,NAVIGATOR,ナビゲイタ－
male,NAWAB,ナワ－ブ
male,NEAPOLITAN,ネオポリタン
male,NECK,ネック
male,NECKTIE,ネックタイ
male,NECTAR,ネクタ－
male,NED,ネド
male,NEDDY,ネディ
male,NEGUS,ニ－ガス
male,NELSON,ネルソン
male,NEPTUNE,ネプチュ－ン
male,NEREUS,ニ－リアス
male,NERO,ネロ
male,NESTOR,ネスタ－
male,NEUTRON,ニュ－トロン
male,NEWTON,ニュ－トン
male,NIBELUNG,ニ－ベルンク
male,NICHOLAS,ニコラス
male,NICK,ニック
male,NIETZSCHE,ニ－チェ
male,NIMBUS,ニンバス
male,NIMROD,ニムロド
male,NIPPER,ニッパ－
male,NITZO,ニッツォ－
male,NIWO,ニウ゛ォ－
male,NIXON,ニクソン
male,NIZAM,ナイザム
male,NOAH,ノ－ア
male,NOBEL,ノ－ベル
male,NOBLEMAN,ノ－ブルマン
male,NOBLESSE,ノブレス
male,NOEL,ノエル
male,NOMINATOR,ノミネイタ－
male,NORBERT,ノルベルト
male,NORDO,ノルド－
male,NORMANN,ノ－マン
male,NORTFRID,ノルトフリ－ト
male,NOSTRADAMUS,ノストラダムス
male,NOTABILITY,ノ－タビリティ
male,NOVELIST,ノウ゛ェリスト
male,NOVICE,ノ－ビス
female,NAIAD,ナイアド
female,NANA,ナナ
female,NANCY,ナンシ－
female,NANNA,ナンナ
female,NANNY,ナニ－
female,NAOMI,ナオミ
female,NARRIN,ネ－リン
female,NAUSIKAA,ナウジ－カ－
female,NAUTCH,ノ－チ
female,NECKLACE,ネックレス
female,NECKPIECE,ネックピ－ス
female,NECTARY,ネクタリ－
female,NEGRESS,ニ－グリス
female,NELDA,ネルダ－
female,NEMESIS,ネミシス
female,NEREIDE,ネライデ
female,NERTHUS,ネルサス
female,NESSELRODE,ネサルロウド
female,NIAGARA,ナイアガラ
female,NIECE,ニ－ス
female,NIGHTINGALE,ナイティンゲイル
female,NIKE,ナイキ
female,NINI,ニニ
female,NIOBE,ナイアビ
female,NIWA,ニウ゛ァ
female,NIX,ニクス
female,NOCTURNE,ノクタ－ン
female,NONNE,ノンネ
female,NORA,ノ－ラ
female,NORMA,ノ－マ
female,NORN,ノ－ン
female,NORNE,ノルネ
female,NOTHELMA,ノ－トヘルマ
female,NOTRE-DAME,ノ－トルダ－ム
female,NOUGAT,ヌ－ガ－
female,NOVA,ノ－ウ゛ァ
female,NOXE,ノックス
female,NUN,ナン
female,NURSE,ナ－ス
female,NUT,ナッツ
female,NYMPH,ニムフ
male,OAK,オウク
male,OATH,オウス
male,OBADIAH,オウバディア
male,OBEAH,オウビア
male,OBEISANCE,オウベイサンス
male,OBERON,オ－ベロン
male,OBERST,オ－ベルスト
male,OBJECTOR,オブジェクタ－
male,OBOL,オボル
male,OBSREVER,オブザ－バ－
male,OCCAM,オカム
male,OCCUPANT,オキュパント
male,OCCUPIER,オキュパイア
male,OCEAN,オ－シャン
male,OCEANIA,オ－シェニア
male,OCLOCK,オクロック
male,OCTAGON,オクタゴン
male,OCTAVO,オクタウ゛ォ
male,ODDITY,オディティ
male,ODILO,オ－ディロ
male,ODIN,オ－ディン
male,ODO,オド
male,ODOAKER,オドア－カ－
male,ODOMETER,オドメ－タ－
male,ODUR,オドウ－ル
male,ODYSSEUS,オディシュ－ス
male,ODYSSEY,オディシ－
male,OEDIPUS,イ－ディパス
male,OFFICER,オフィサ－
male,OGLE,オ－グル
male,OHM,オ－ム
male,OKTAVIAN,オクタウ゛ィアン
male,OLAF,オラフ
male,OLIVER,オリウ゛ァ－
male,OLYMPIA,オリンピア
male,OLYMPUS,オリンパス
male,OMICRON,オ－マイクロン
male,OMNIBUS,オムニバス
male,OMNIPOTENCE,オムニパテンス
male,ONTARIO,オンタリオ
male,ONWARD,オンワ－ド
male,ONYX,オニックス
male,OOM,ウ－ム
male,OOMPH,ウムフ
male,OPENER,オ－プナ－
male,OPERATOR,オペレ－タ－
male,OPINION,オピニオン
male,OPIZO,オピ－ツオ－
male,OPPRESSOR,オプレッサ－
male,OPTIMIST,オプティミスト
male,OPTION,オプション
male,OPUS,オ－パス
male,ORACLE,オラクル
male,ORANG,オ－ラング
male,ORATOR,オ－ラタ－
male,ORCHESTRA,オ－ケストラ
male,ORCHIDIST,オ－キディスト
male,OREAD,オ－リアド
male,ORGANIZER,オ－ガナイザ－
male,ORIGIN,オリジン
male,ORIGINATOR,オリジネイタ－
male,ORION,オリオン
male,ORM,オルム
male,ORMAZD,オ－マズト
male,ORPHAN,オ－ファン
male,ORPHEUS,オ－フュ－ス
male,ORTILO,オルティ－ロ
male,ORTO,オルト－
male,ORYX,オリックス
male,OSBERT,オズベルト
male,OSCAR,maleカ－
male,OSMUND,オズマンド
male,OSWALD,オズウ゛ァルト
male,OTHELLO,オセロ
male,OTTO,オット－
male,OURAGAN,ウラガン
male,OUTLAW,アウトロ－
male,OUTRIDER,アウトリ－ダ－
male,OUTRUNNER,アウトランナ－
male,OUTSIDER,アウトサイダ－
male,OVERLORD,オ－バ－ロ－ド
male,OVERMAN,オ－バ－マン
male,OVID,オ－ウ゛ィド
male,OXFORD,オックスフォ－ド
male,OXON,オクソン
male,OZONE,オゾ－ン
female,OASIS,オアシス
female,OAT,オウト
female,OATMEAL,オ－トミ－ル
female,OBOE,オウボウ
female,OBSIDIAN,オブシディアン
female,OCEANID,オ－シアニド
female,ODA,オ－ダ
female,ODALISQUE,オ－ダリスク
female,ODETTE,オデット
female,ODILIA,オ－ディリア
female,OLEASTER,オ－リアスタ－
female,OLGA,オルガ
female,OLIVE,オリ－ウ゛
female,OLIVET,オリウ゛ェット
female,OMEGA,オメガ
female,OMELET,オムリト
female,OMPHALE,オムファル
female,OMPHALOS,オムファロス
female,ONDINE,オンディ－ヌ
female,ONION,オニオン
female,OOLONG,ウ－ロング
female,OPAL,オパ－ル
female,OPERA,オペラ
female,OPERETTA,オペレッタ
female,OPHELIA,オフェリア
female,ORANGE,オレンジ
female,ORCHARD,オ－チャド
female,ORCHID,オ－キッド
female,OREADE,オ－レアト
female,ORNAMENT,オ－ナメント
female,ORRIS,オ－リス
female,ORTILA,オルティ－ラ
female,OSIER,オ－ジャ－
female,OSPREY,オズプリ
female,OSTARA,maleタ－ラ
female,OTTA,オッタ－
female,OTTILIA,オッティ－ラ
female,OUZEL,ウ－ズル
female,OXEYE,オクスアイ
female,OXHEART,オクスハ－ト
female,OXLIP,オクスリプ
female,OYSTER,オイスタ－
female,OZEANUS,オツェアノス
male,PACEMAKER,ペ－スメ－カ－
male,PACIFIER,パシフィア
male,PACIFIST,パシフィスト
male,PACKER,パッカ－
male,PADDOCK,パドック
male,PADDY,パディ
male,PADISHAH,パ－ドシャ－
male,PADRE,パ－ドリ
male,PAEAN,ピ－アン
male,PAGAN,ペイガン
male,PAGE,ペイジ
male,PAGENT,ペイジェント
male,PAINTER,ペインタ－
male,PAL,パル
male,PALACE,パレス
male,PALADIN,パラディン
male,PALATINE,パラタイン
male,PALLAS,パラス
male,PALM,パ－ム
male,PALMER,パ－マ－
male,PALMIST,パ－ミスト
male,PALTRAM,パルトラム
male,PAN,パン
male,PANDOUR,パンドア
male,PANSY,パンシ－
male,PANTHEON,パンスイアン
male,PANTHER,パンサ－
male,PANTOMIME,パントマイム
male,PANTYWAIST,パンティウェスト
male,PAPA,パパ
male,PAPACY,パパシ－
male,PAPALIST,パパリスト
male,PAPIST,ペイピスト
male,PARACHUTER,パラシュ－タ－
male,PARACLETE,パラクリ－ト
male,PARADE,パレイド
male,PARADIGM,パラダイム
male,PARADISE,パラダイス
male,PARAGON,パラゴン
male,PARD,パ－ド
male,PARIS,パリ
male,PARTAKER,パ－ティカ－
male,PARTISAN,パ－ティザン
male,PARTNER,パ－トナ－
male,PASCAL,パスカル
male,PASHA,パ－シャ
male,PASSER,パ－サ－
male,PASSION,パッション
male,PASTOR,パスタ－
male,PAT,パット
male,PATENT,パテント
male,PATENTOR,パテンタ－
male,PATER,ペイタ－
male,PATHAN,パタ－ン
male,PATRIARCH,ペイトリア－ク
male,PATRICIAN,パトリシアン
male,PATRICK,パトリック
male,PATRIOT,ペイトリアト
male,PATROLMAN,パトロ－ルマン
male,PATRON,パトロン
male,PATTERN,パッタン
male,PAUL,ポ－ル
male,PAULUS,パウラス
male,PEACOCK,ピ－コック
male,PECKER,ペッカ－
male,PEDANT,ペダント
male,PEELER,ピ－ラ－
male,PEER,ピア
male,PEERAGE,ピアリッジ
male,PEEWEE,ピ－ウィ
male,PEGASUS,ペガサス
male,PELICAN,ペリカン
male,PENATES,ペネイティ－ズ
male,PENCHANT,ペンシャン
male,PENNANT,ペナント
male,PENNY,ペニ－
male,PENTAGON,ペンタゴン
male,PERFORMER,パフォ－マ－
male,PETER,ピ－タ－
male,PEZZO,ペッツオ－
male,PFENNIG,プフェニヒ
male,PHAETHON,フェイアサン
male,PHARAOH,ファラオ－
male,PHILIP,フィリップ
male,PHILOGYNY,フィロジニ
male,PHILOSOPHER,フィロサファ
male,PHOEBUS,フィ－バス
male,PHYLAX,フィ－ラクス
male,PIANIST,ピアニスト
male,PICADOR,ピカドウ
male,PICASSO,ピカソ
male,PICCOLO,ピコロ
male,PIEMAN,パイマン
male,PIERROT,ピアロウ
male,PIETY,パイアティ
male,PIGBOAT,ピッグボ－ト
male,PIKEMAN,パイクマン
male,PILATE,パイラト
male,PILGRIM,ピルグリム
male,PILOT,パイロット
male,PINBALL,ピンボ－ル
male,PINCERS,ピンサ－ズ
male,PINDAR,ピンダ－
male,PINE,パイン
male,PINECONE,パインコウン
male,PINOCCHIO,ピノキオ
male,PIONEER,パイオニア
male,PIPER,パイパ－
male,PIPIN,ピピン
male,PIRANHA,ピラ－ニャ
male,PISTOL,ピストル
male,PITCHER,ピッチャ－
male,PITCHMAN,ピッチマン
male,PITON,ピ－タン
male,PITT,ピット
male,PITZO,ピッツオ
male,PIUS,パイアス
male,PLACEMAN,プレイスマン
male,PLAN,プラン
male,PLANKTON,プランクトン
male,PLANNER,プランナ－
male,PLANT,プラント
male,PLANTER,プランタ－
male,PLAUDIT,プロ－ディト
male,PLAYBOY,プレイボ－イ
male,PLAYER,プレイヤ－
male,PLEADER,プリ－ダ－
male,PLEASURE,プレジュア
male,PLENTY,プレンティ
male,PLIGHT,プライト
male,PLUTON,プル－トン
male,PLUTUS,プル－タス
male,POE,ポウ
male,POEM,ポウィム
male,POET,ポウイト
male,POKER,ポ－カ－
male,POLDILO,ポルディロ
male,POLDO,ポウルト
male,POLE,ポウル
male,POLLUX,ポルックス
male,POLO,ポ－ロ
male,POMPEJUS,ポムベイアス
male,PONCHO,ポンチョ
male,PONTIFEX,ポンティフェクス
male,PONTIFF,ポンティフ
male,PONTIUS,ポンティアス
male,PONY,ポニ－
male,POPE,ポウプ
male,POPEYE,ポパイ
male,POPPET,ポピット
male,POPPY,ポピィ
male,POPSICLE,ポブシクル
male,PORTER,ポ－タ－
male,POSEIDON,ポセイドン
male,POSEUR,ポウザ－
male,POTENTATE,ポ－タンテイト
male,PRACTICIAN,プラクティシャン
male,PRANDO,プランド－
male,PRATTLER,プラットラ－
male,PRAVDA,プラ－ウ゛ダ
male,PRECEPTOR,プリセプタ－
male,PRECURSOR,プリ－カ－ザ－
male,PREDICTOR,プリディクタ－
male,PREFECT,プリフェクト
male,PRESBYTER,プレズビタ－
male,PRESENTER,プレゼンタ－
male,PRESERVER,プリザ－ウ゛ァ－
male,PRESIDENT,プレジデント
male,PRESSMAN,プレスマン
male,PRETENDER,プリテンダ－
male,PRIAM,プライアム
male,PRIEST,プリ－スト
male,PRIESTLING,プリ－ストリング
male,PRIG,プリグ
male,PRINCE,プリンス
male,PRINCEKIN,プリンスキン
male,PRINZ,プリンツ
male,PRIZE,プライズ
male,PROCONSUL,プロウコンサル
male,PUCCINI,プシ－ニ
male,PULITZER,ピュ－リッツア
male,PUNCHER,パンチャ－
male,PUNCHINELLO,パンチネロ
male,PUNSTER,パンスタ－
male,PUPIL,ピュ－ピル
male,PURGER,パ－ジャ－
male,PURITAN,ピュ－リタン
male,PURKHARD,プルクハルト
male,PURSUER,パ－シュア
male,PUSHKIN,プシュキン
male,PYRAMID,ピラミド
male,PYREX,パイレックス
male,PYRRHO,ピロウ
male,PYRRHUS,ピラス
male,PYTHAGORAS,パイサガラス
female,PAINTRESS,ペイントリス
female,PAISLEY,ペイズリ－
female,PAJAMAS,パジャマス
female,PALETOT,パルトウ
female,PALFREY,ポ－ルフリ
female,PALMETTO,パルメトウ
female,PAMIRS,パ－ミァズ
female,PAMPAS,パンパス
female,PANACEA,パナシア
female,PANDA,パンダ
female,PANDORA,パンド－ラ
female,PANDOWDY,パンダウディ
female,PANOCHA,パノウチャ
female,PANORAMA,パノラマ
female,PANTALOON,パンタル－ン
female,PANTHERESS,パンサリス
female,PAPAYA,パパィヤ
female,PAPRIKA,パプリカ
female,PAPUA,パプア
female,PARAKEET,パラキ－ト
female,PARAMATTA,パラマッタ
female,PARAMOUR,パラムア
female,PARASOL,パラソル
female,PARFAIT,パ－フェイ
female,PARTHENON,パ－シナン
female,PARTI,パ－ティ
female,PARTRIDGE,パ－トリッジ
female,PARZE,パ－ツア
female,PASSE,パ－セイ
female,PASTY,パスティ
female,PATE,パティ
female,PATRONESS,パトロニス
female,PATTY,パッテイ
female,PAULA,ポ－ラ
female,PAULOWNIA,ポ－ロニア
female,PAVANE,パウ゛ァン
female,PAX,パックス
female,PEACE,ピ－ス
female,PEACH,ピ－チ
female,PEAHEN,ピ－ヘン
female,PEANUT,ピ－ナッツ
female,PEARL,パ－ル
female,PEASE,ピ－ズ
female,PEERESS,ピアリス
female,PEGGY,ペギ－
female,PEIGNOIR,ペインウェア
female,PELISSE,ペリ－ス
female,PENELOPE,ピネロピィ
female,PENGUIN,ペングィン
female,PEONY,ピ－アニ
female,PEPLUM,ペプラム
female,PERCHTA,ペルヒタ－
female,PERFUME,パ－フュ－ム
female,PERI,ピアリ
female,PERLE,ペルル
female,PERSEPHONE,パ－セファニ
female,PERSEUS,パ－シュ－ス
female,PETTICOAT,ペティコ－ト
female,PHILOMELA,フィラミ－ラ
female,PHOEBE,フィ－ビ
female,PHOENIX,フィ－ニクス
female,PHYLLIS,フィリス
female,PIE,パイ
female,PIERIAN,パイエリアン
female,PIETA,ピエタ－
female,PIGEON,ピジョン
female,PIN,ピン
female,PINAFORE,ピナフォ－
female,PINCURL,ピンカ－ル
female,PINEAPPLE,パイナップル
female,PINION,ピニオン
female,PINUP,ピンナップ
female,PIQUE,ピ－ケィ
female,PIRINA,ピリナ
female,PISTACHO,ピスタ－シュオ
female,PIXY,ピクシ－
female,PLAID,プラッド
female,PLANTAIN,プランティン
female,PLAQUE,プラ－ク
female,PLATEAU,プラトウ
female,PLATINA,プラティナ
female,PLATTER,プラッタ－
female,PLEJABE,プレィヤ－ブ
female,PLOVER,プラウ゛ァ－
female,POLDA,ポルダ－
female,POLDILA,ポルディラ
female,POLKA,ポルカ
female,POLL,ポル
female,POLLYANNA,ポリアンナ
female,POLYHYMNIA,ポリヒムニア
female,POMONA,ポモ－ナ
female,POMPADOUR,ポンパ－ド－ル
female,PONYTAIL,ポニ－ティル
female,POPCORN,ポプコ－ン
female,POPLIN,ポプリン
female,PORGY,ポ－ギ－
female,PORTRESS,ポ－トリス
female,POSTILION,ポ－ステリアン
female,POSY,ポ－ジ－
female,POUPEE,プペ
female,POUPETTE,プペット
female,PRANDILA,プランディラ
female,PRELUDE,プレリュ－ド
female,PREMIERE,プレミア
female,PRIESTESS,プリ－スティス
female,PRIMA,プリ－マ
female,PRIMADONNA,プリマドンナ
female,PRIMROSE,プリムロ－ズ
female,PRINCESS,プリンセス
female,PRUDE,プル－ド
female,PSYCHE,サイキ－
female,PUPPET,パピット
female,PURGA,プルガ
female,PUSS,プス
female,PUSSY,プッシ－
female,PYGMY,ピグミ－
female,PYTHONESS,パイサニス
female,PYXIS,ピクシス
male,QUAESTOR,クィ－スタ－
male,QUAKER,クェ－カ－
male,QUALIFIER,クォリファイア
male,QUALITY,クォリティ
male,QUARDRON,クォドル－ン
male,QUARRY,クァリ－
male,QUARTER,クォ－タ－
male,QUARTZ,クォ－ツ
male,QUEBEC,ケベック
male,QUERIST,クィ－リスト
male,QUEST,クエスト
male,QUESTION,クェスチョン
male,QUEZON,クエイゾン
male,QUID,クウイド
male,QUIDDITY,クウイディティ
male,QUINCY,クインシ－
male,QUININE,クイニン
male,QUINO,キノ
male,QUINS,クインズ
male,QUINTAIN,クインティン
male,QUINTESSENCE,クインテセンス
male,QUIXOTE,キ－ホ－テ
male,QUIZ,クイズ
male,QUIZMASTER,クイズマスタ－
male,QUIZZEE,クイズィ－
male,QUOIT,クオイト
female,QUAGGA,クアッガ
female,QUAIL,クエイル
female,QUAKERESS,クエ－カ－リス
female,QUASSIA,クアッシャ
female,QUEBRACHO,ケイブラ－チョ
female,QUEEN,クイ－ン
female,QUEENBEE,クイ－ンビ－
female,QUEENING,クイ－ニング
female,QUEENLINESS,クイ－ンリニス
female,QUEENLY,クイ－ンリ－
female,QUETZAL,ケットサル
female,QUEUE,キュ－
female,QUIFF,クウイフ
female,QUILL,クウイル
female,QUINA,クアイナ
female,QUINCE,クインス
female,QUINTETTE,クインテット
female,QUITCH,クイッチ
male,RABAN,ラバン
male,RABBI,ラバイ
male,RABBIN,ラビン
male,RABBINIC,ラビニック
male,RABBINIST,ラビニスト
male,RABBIT,ラビット
male,RACER,レ－サ－
male,RADBOD,ラ－トボ－ト
male,RADER,レ－ダ－
male,RADIUM,レィディアム
male,RADIX,レィディクス
male,RADO,ラ－ド
male,RADOLF,ラドルフ
male,RADON,レイドン
male,RAH,ラ－
male,RAIDER,レイダ－
male,RAJAH,ラ－ジャ
male,RAJPUT,ラジプット
male,RALF,ラルフ
male,RAMBLER,ランブラ－
male,RAMPART,ランパ－ト
male,RANBO,ランボ－
male,RANCHER,ラ－ンチャ－
male,RANDO,ランド－
male,RANGER,ランジャ－
male,RANKER,ランカ－
male,RAPHAEL,ラフェイアル
male,RAPPO,ラッポ－
male,RAPTURE,ラプチュア
male,RATEL,レイテル
male,RATHOLD,ラ－トルト
male,RATMAR,ラ－トマ－ル
male,RAWHIDE,ロ－ハイド
male,RAY,レイ
male,RAYMOND,レイモンド
male,RAYON,レイオン
male,REAGAN,レ－ガン
male,REALIST,リアリスト
male,RECKE,レッケ
male,REED,リ－ド
male,REEVE,リ－ウ゛
male,REFEREE,レフリ－
male,REFORMER,リフォ－マ－
male,REFRESHER,リフレッシャ－
male,REGALITY,リ－ガリティ
male,REGER,レ－ガ－
male,REGIN,レ－ギン
male,REGISTRAR,レジストラ－
male,REGULATOR,レギュレ－タ－
male,REGULUS,レジュラス
male,REICH,ライク
male,REIGN,レイン
male,REIMAR,ライマ－ル
male,REIMO,ライモ
male,REINALD,ライナルト
male,REINER,ライナ－
male,REINO,ライノ
male,REISCHAUER,ライシャワ－
male,REIVER,リ－ウ゛ァ－
male,REMARQUE,レマルク
male,REMBRANDT,レンブラント
male,REMUS,リ－マス
male,RENARD,ルナ－ル
male,RENOIR,ルノア－ル
male,RENOWN,レナウン
male,REPORTER,リポ－タ－
male,REUTERS,ロイタズ
male,REYMONT,レイモント
male,REYNARD,レナ－ド
male,REYNOLD,レナルズ
male,RHETOR,リ－タ－
male,RICARDO,リカ－ド
male,RICHARD,リチャ－ド
male,RICHARDSON,リチャ－ドソン
male,RICHERT,リカルト
male,RICHMAR,リヒマ－ル
male,RICHO,リコ－
male,RICHTER,リヒタ－
male,RIDER,ライダ－
male,RIDGWAY,リッジウェイ
male,RIESMAN,リ－スマン
male,RINGMAN,リングマン
male,RIVAL,ライウ゛ァル
male,RIVAS,リウ゛ァ－ス
male,ROB,ロブ
male,ROBERT,ロバ－ト
male,ROBINHOOD,ロビンフッド
male,ROBINSON,ロビンソン
male,ROBOT,ロボット
male,ROCK,ロック
male,ROCKET,ロケット
male,ROCKFELLER,ロックフェラ－
male,ROCKIES,ロッキ－ズ
male,RODEO,ロデオ
male,RODIN,ロダン
male,RODWULF,ロ－トウルフ
male,ROGER,ロジャ－
male,ROLAND,ロ－ラント
male,ROLF,ロルフ
male,ROLLO,ロロ
male,ROLLS-ROYCE,ロ－ルスロイス
male,ROM,ロム
male,ROMANTICIST,ロマンチシスト
male,ROMEO,ロメオ
male,ROMMEL,ロンメル
male,ROMPERS,ロンパズ
male,ROMULUS,ロムラス
male,ROOKIE,ル－キ－
male,ROOSEVELT,ル－ズウ゛ェルト
male,ROOT,ル－ト
male,ROSSELLINI,ロッセリ－ニ
male,ROSSINI,ロッシ－ニ
male,ROTARIAN,ロ－タリアン
male,ROTBART,ロ－トバルト
male,ROUSSEAU,ル－ソ－
male,ROUX,ル－
male,ROYAL,ロ－ヤル
male,ROYALTY,ロ－ヤルティ
male,ROYCE,ロイス
male,RUBEN,ル－ベン
male,RUBENS,ル－ビンズ
male,RUDI,ル－ディ
male,RUDOLF,ル－ドルフ
male,RUFUS,ルフス
male,RUIZ,ルイ－ス
male,RUPERT,ル－ペルト
male,RUSKIN,ラスキン
male,RUSSELL,ラッセル
male,RUSTLER,ラスラ－
male,RUTFRID,ル－トフリ－ト
male,RUTH,ル－ス
male,RUTHARD,ル－トハルト
female,RACHEL,レイチェル
female,RADA,ラ－ダ
female,RADISH,ラデイッシュ
female,RAFFIA,ラフィア
female,RAGDOLL,ラグド－ル
female,RAINBOW,レインボウ
female,RAISIN,レイズン
female,RAMEE,ラミ－
female,RAN,ラ－ン
female,RANEE,ラ－ニ
female,REBECCA,レベッカ
female,REDBREAST,レッドブリ－スト
female,REDWING,レッドウィング
female,REGINA,リジャイナ
female,REIMA,レイマ－
female,REINA,ライナ
female,RELICT,レリクト
female,RESTHARROW,レストハロウ
female,RHEA,リア
female,RHINE,ライン
female,RIBBON,リボン
female,RIBES,ライビ－ズ
female,RICHA,リヒア
female,RICHARDA,リヒアルダ
female,RITA,リタ
female,RIVIERA,リウ゛ィエラ
female,ROBALDA,ロ－バルダ
female,ROBIN,ロビン
female,ROLANDA,ロ－ランダ－
female,ROSA,ロ－ザ
female,ROSAMOND,ロザモント
female,ROSAY,ロゼ－
female,ROSE,ロ－ズ
female,ROSEMARY,ロ－ズマリ－
female,ROSETTE,ロゼット
female,RUNE,ル－ネ
female,RUTE,ル－テ
female,RYE,ライ
male,SABER,セイバ－
male,SABOT,サッボウ
male,SAC,サック
male,SACHARJA,ザクサルヤ
male,SACHEM,セイチェム
male,SACHS,ザックス
male,SACRAMENT,サックラメント
male,SADDLER,サッドラ－
male,SADHU,サ－デュ－
male,SAFARI,サファリ
male,SAGAMORE,サガモア
male,SAGENESS,セイジニス
male,SAGO,セイゴ
male,SAHARA,サハラ
male,SAHIB,サ－ビブ
male,SAILOR,セイラ－
male,SAINT,セイント
male,SAKER,セイカ－
male,SALAMANDER,サラマンダ－
male,SALESMAN,セ－ルスマン
male,SALIC,サリック
male,SALOON,サル－ン
male,SALVADOR,サルバド－
male,SALVOR,サルウ゛ォア
male,SAM,サム
male,SAMBO,サンボ
male,SAMIAN,セイミアン
male,SAMOA,サモア
male,SAMOS,サモス
male,SAMSON,サムソン
male,SAMUEL,サミュエル
male,SAN-PAULO,サンパウロ
male,SANDMAN,サンドマン
male,SANDY,サンディ
male,SANSKRIT,サンスクリット
male,SANTACLAUS,サンタクロウズ
male,SANTIAGO,サンチャ－ゴ
male,SAPLING,サプリング
male,SAPPER,サッパ－
male,SARACEN,サラセン
male,SARDANAPAL,ザルダナパ－ル
male,SARTRE,サ－ルトラ
male,SATELLITE,サッタライト
male,SATRAP,サトラップ
male,SATURN,サタ－ン
male,SATYR,サッタ－
male,SATYRE,サティル
male,SAUDI,サウディ
male,SAUL,ソ－ル
male,SAVANT,サウ゛ァント
male,SAVER,セイウ゛ァ
male,SAVIOR,セイウ゛ィア
male,SAVONAROLA,サウ゛ォナロ－ラ
male,SAVOY,サウ゛ォイ
male,SAXON,サクソン
male,SAXONY,サクソニ－
male,SCAMP,スキャンプ
male,SCAPEGOAT,スケイプゴ－ト
male,SCARAB,スキャラブ
male,SCEPTER,セプタ－
male,SCHALFER,シャルタ－
male,SCHEFFEL,シェフェル
male,SCHEMER,スキ－マ－
male,SCHILER,シュイラ－
male,SCHOLAR,スコラ－
male,SCHUBERT,シュ－ベルト
male,SCHUMANN,シュ－マン
male,SCHWEITZER,シュウ゛ァイツァ－
male,SCOOTER,スク－タ－
male,SCORER,スコアラ－
male,SCORPIO,スコ－ピオ
male,SCOTT,スコット
male,SCOUT,スカウト
male,SCRAP,スクラップ
male,SCREWBALL,スクリュウボ－ル
male,SCRIBBLER,スクリブラ－
male,SCRIBE,スクライブ
male,SCRIPTER,スクリプタ－
male,SCRIVENER,スクリブナ－
male,SCRUTATOR,スクル－ティタ－
male,SCULPTOR,スカルプタ－
male,SEABEE,シ－ビ－
male,SEAGOD,シ－ゴット
male,SEAKING,シ－キング
male,SEALER,シ－ラ－
male,SEARCHER,サ－チャ－
male,SEBASTIAN,セバスチャン
male,SECONDER,セコンダ－
male,SEDAN,セダン
male,SEDUCER,シデュ－サ－
male,SEEDER,シ－ダ－
male,SEEKER,シ－カ－
male,SEER,シア
male,SEIGNIOR,セイニオ－ル
male,SELECTOR,セレクタ－
male,SELJUK,セルジュ－ク
male,SELLER,セ－ラ－
male,SEM,ゼム
male,SEMINOLE,セミノ－ル
male,SENATOR,セネタ－
male,SENECA,セニカ
male,SENESCHAL,セニシャル
male,SENOR,セニョ－ル
male,SENTINEL,センチネル
male,SENTRY,セントリ－
male,SEPHARDI,セファ－ディ
male,SEPOY,シ－ポィ
male,SERAPH,セラフ
male,SERF,サ－フ
male,SERGEANT,サ－ジャント
male,SERVANT,サ－ウ゛ァント
male,SERVER,セットラ－
male,SEXTON,セクトン
male,SHAKER,シェイカ－
male,SHAKESPEARE,シェイクスピア
male,SHAKS,シェイクス
male,SHAMUS,シャ－マス
male,SHARER,シェアラ－
male,SHAW,シュオ－
male,SHEIKH,シ－ク
male,SHERATON,シェラトン
male,SHERIDAN,シェリダン
male,SHERIFF,シェリフ
male,SHERPA,シェルパ
male,SHIAH,シ－ア
male,SHIKAR,シカ－
male,SHINER,シャイナ－
male,SHOOTER,シュ－タ－
male,SHUNTER,シュンタ－
male,SHYLOCK,シャイロック
male,SHYSTER,シャイスタ－
male,SICILIAN,シシリアン
male,SIDEKICHER,サイドキッカ－
male,SIEGFRIED,ジ－クフリ－ト
male,SIFFLEUR,シ－フラ－
male,SIGNALER,シグナラ－
male,SIGNET,シグネット
male,SIGNORE,シ－ニオ－ル
male,SIGURD,ジグアド
male,SILENCER,サイレンサ－
male,SILENUS,サイリ－ナス
male,SILHOUETTE,シルエット
male,SIM,シム
male,SIMON,サイモン
male,SINANTHROPUS,シナンロ－パス
male,SINBAD,シンバッド
male,SINGER,シンガ－
male,SION,サイアン
male,SIR,サ－
male,SIRDAR,サ－ダ－
male,SIRE,サイア
male,SIRIUS,シリアス
male,SISSY,シシィ
male,SISYPHUS,シシファス
male,SIZAR,サイザァ
male,SKALD,スコ－ルド
male,SKATER,スケ－タ－
male,SKIER,スキ－ア
male,SKIPPER,スキッパ－
male,SLACKER,スラッカ－
male,SLEEPER,スリ－パ－
male,SLICKER,スリッカ－
male,SLIDER,スライダ－
male,SLOGAN,スロ－ガン
male,SLOP,スロプ
male,SLOVEN,スラウ゛ン
male,SLUG,スラッグ
male,SMACK,スマック
male,SMITH,スミス
male,SMOCK,スモック
male,SMOOTHY,スム－ズィ
male,SNEAKER,スニ－カ－
male,SNIPER,スナイパ－
male,SNOB,スノブ
male,SNOWMAN,スノ－マン
male,SOAKER,ソウカ－
male,SOCCER,サッカ－
male,SOCRATES,ソクラテス
male,SOL,ソル
male,SOLDIER,ソウルジャ－
male,SOLOMON,ソロモン
male,SOLON,ソロン
male,SOMBRERO,ソンブレロ
male,SOMMEIL,ソマイル
male,SON,ソン
male,SONGSTER,ソングスタ－
male,SONNY,ソニ－
male,SOWER,ソウア－
male,SPALPEEN,スパルピ－ン
male,SPANGHETTI,スパゲッティ
male,SPARK,スパ－ク
male,SPARKLER,スパ－クラ－
male,SPEAKER,スピ－カ－
male,SPENCER,スペンサ－
male,SPHINX,スフィンクス
male,SPIDER,スパイダ－
male,SPIELER,スピ－ラ－
male,SPINOZA,スピノ－ザ
male,SPITFIRE,スピットファイア
male,SPOILER,スポイラ－
male,SPOKESMAN,スポ－クスマン
male,SPONSOR,スポンサ－
male,SPOONY,スプ－ニィ
male,SPOTTER,スポッタ－
male,SQUIRE,スクァイア
male,STALKER,スト－カ－
male,STALLION,スタリオン
male,STAMINA,スタミナ
male,STANLEY,スタンレイ
male,STARTER,スタ－タ－
male,STATESMAN,スティッマン
male,STAYER,スティア
male,STEN,スタン
male,STENDHAL,スタンダ－ル
male,STENTOR,ステント－ル
male,STEPHAN,ステファン
male,STETSON,ステットソン
male,STEVE,スティ－ウ゛
male,STEVENSON,スティ－ウ゛ンスン
male,STINKER,スティンカ－
male,STOIC,ストウィク
male,STOPPER,ストッパ－
male,STORM,スト－ム
male,STRANGER,ストレンジャ－
male,STRAUSS,ストラウス
male,STRECHER,ストレッチャ－
male,STREPHON,ストレファン
male,STROLLER,ストロ－ラ－
male,STUART,スチュア－ト
male,STYLIST,スタイリスト
male,STYX,スティクス
male,SUCCESSOR,サクセサ－
male,SUDRA,ス－ドラ
male,SUPERMAN,ス－パ－マン
male,SUPPORTER,サポ－タ－
male,SURVIVOR,サウ゛ァイウ゛ァ
male,SWIFT,スウィフト
male,SWORD,スォ－ド
male,SWORDSMAN,スォ－ズマン
male,SYLVESTER,シルウ゛ェスタ－
male,SYMBOL,シンボル
female,SADIE,セイディ
female,SAGE,セイジ
female,SAL,サル
female,SALLY,サリ－
female,SALOME,サロ－メ
female,SALOOP,サル－プ
female,SALUS,ザ－ラス
female,SALVIA,サルウ゛ィア
female,SAMARA,サマラ
female,SAMARIA,サマリア
female,SAMARITANER,ザマリタ－ナル
female,SAMBA,サンバ
female,SAMLET,サムリット
female,SANGERIN,ザンゲリン
female,SAPODILLA,サパディラ
female,SAPPHIRE,サファイア
female,SAPPHO,サッフォ－
female,SAPPY,サッピィ
female,SARAH,サラ－
female,SARATOGA,サラトガ
female,SARDINE,サ－ディン
female,SASSAFRAS,サッサフラス
female,SATIN,サテン
female,SAUNA,サウナ
female,SCAPE,スケイプ
female,SCARF,スカ－フ
female,SCARLET,スカ－レット
female,SCHAFERIN,シェイフェリン
female,SCHEGERAZADE,シェヘラザ－ト
female,SCREAMER,スクリ－マ－
female,SEABIRD,シ－バ－ド
female,SEAGODDESS,シ－ゴッディス
female,SEAMAID,シ－メイド
female,SEANYMPH,シ－ニンフ
female,SEERESS,シアリス
female,SEINE,セ－ヌ
female,SELENE,サリ－ニ－
female,SENORA,セニョ－ラ
female,SENORITA,セニョリ－タ
female,SEQUIN,シ－クィン
female,SERENADE,セリネイド
female,SESAME,セサミ
female,SHALLOON,シャル－ン
female,SHALLOT,シャロット
female,SHAWL,ショ－ル
female,SHEBA,シ－バ
female,SHEEN,シ－ン
female,SHERBET,シャ－ベット
female,SHERRY,シェリ－
female,SHREW,シュルウ
female,SHRIKE,シュライク
female,SHRIMP,シュリンプ
female,SIBYL,シビル
female,SILVER,シルウ゛ァ－
female,SIREN,サイアリン
female,SIRUP,シラップ
female,SIS,シス
female,SISTER,シスタ－
female,SITTER,シッタ－
female,SITTERIN,シタリン
female,SIVA,シウ゛ァ
female,SKIRL,スカ－ル
female,SKIRT,スカ－ト
female,SKIVVY,スキウ゛ィ
female,SKUA,スキュ－ア
female,SLATTERN,スラッタ－ン
female,SLAVEY,スレィウ゛ィ
female,SLENDER,スレンダ－
female,SMEW,スミュ－
female,SONATA,ソナタ
female,SONGBIRD,ソングバ－ド
female,SONGSTRESS,ソングストリス
female,SOPHIA,ソフィア
female,SOPHY,ソフィ
female,SOPRANO,ソプラノ
female,SOUBRETTE,ソ－ブレット
female,SPHINGE,スフィンジ
female,STARLET,スタ－レット
female,STARLIGHT,スタ－ライト
female,STARLING,スタ－リング
female,STELLA,ステラ
female,STOLE,スト－ル
female,STORK,スト－ク
female,STUNDA,シュチュンダ
female,STUNNER,スタナ－
female,SUADA,ズア－ダ
female,SUE,ス－
female,SUNFLOWER,サンフラワ－
female,SURAH,シュラ－
female,SUSAN,ス－ザン
female,SUSANNA,スザンナ
female,SUSY,ス－ズィ
female,SUZANNE,スザンヌ
female,SWALLOW,スワロ－
female,SWAN,スワン
female,SWEETIE,スウィ－ティ
female,SYLPHIRIE,シルフィリ－
female,SYLVIA,シルウ゛ィア
male,TABASCO,タバスコ
male,TABLET,タブレット
male,TABLOID,タブロイド
male,TACK,タック
male,TACKER,タッカ－
male,TACKLE,タックル
male,TACT,タクト
male,TACTICIAN,タクティシャン
male,TAFT,タフト
male,TAGORE,タゴ－ル
male,TAILOR,テイラ－
male,TAIPING,タイピング
male,TAJA,テ－ジャ
male,TALENT,タレント
male,TALISMAN,タリズマン
male,TAMBOUR,タンブァ
male,TAMBOURINE,タンブリン
male,TAMMY,タミ
male,TANTALUS,タンタラス
male,TARGET,タ－ゲット
male,TARO,タ－ロウ
male,TASS,タス
male,TASSO,タソ－
male,TASTER,テイスタ－
male,TAURUS,ト－ラス
male,TEACHER,ティ－チャ－
male,TECHNICIAN,テクニシャン
male,TED,テッド
male,TEDDY,テディ
male,TELL,テル
male,TENNYSON,テニスン
male,TENTER,テンタ－
male,TESTATER,テステイタ－
male,TESTER,テスタ－
male,THACKERAY,サッカリ－
male,THALES,タ－レス
male,THAMES,テ－ムズ
male,THEODORE,テオド－ル
male,THINKER,スィンカ－
male,THOMAS,ト－マス
male,THOR,ト－ル
male,THRONE,スロウン
male,THUNDERER,サンダラ
male,TIBER,タイバ－
male,TIM,ティム
male,TIMOTHY,ティマシ－
male,TITAN,タイタン
male,TITIAN,ティチャン
male,TITO,テイト－
male,TOLSTOY,トルストイ
male,TOM,トム
male,TOMMY,トミ－
male,TONY,トニ－
male,TOTO,トト
male,TRACER,トレイサ－
male,TRACKER,トラッカ－
male,TRAINER,トレイナ－
male,TRAJAN,トラジャン
male,TRAPPIST,トラピスト
male,TRAUMGOTT,トラウムゴット
male,TRIBUNE,トリビュン
male,TRIER,トライア
male,TRISTAN,トリスタン
male,TRITON,トライトン
male,TRIUMPH,トライアンフ
male,TROJAN,トロ－ジャン
male,TSCHAIKOVSKY,チャイコフスキ－
male,TUNER,チュ－ナ－
male,TURBAN,タ－バン
male,TURNER,タ－ナ－
male,TURNKEY,タ－ンキ－
male,TUTOR,チュ－タ－
male,TWAIN,トウェイン
male,TYKE,タイク
male,TYPHON,タイフン
male,TYRANT,タイラント
female,TAENIA,ティ－ニア
female,TAFFY,タフィ
female,TAHITI,タヒチ
female,TAIGA,タイガ
female,TALARIA,タレ－リア
female,TALIPOT,タリポット
female,TAMARISK,タマリスク
female,TANGO,タンゴ
female,TANSY,タンジィ
female,TAPIOCA,タピオカ
female,TARTAN,タ－タン
female,TARTAR,タ－タ－
female,TEAROSE,ティ－ロ－ス
female,TEASEL,ティ－ズル
female,TEMPTRESS,テンプトリス
female,TENDER,テンダ－
female,TERMAGANT,タ－マジェント
female,TERPSICHORE,テルプシュ－レ
female,THAIS,タ－イス
female,THALIA,タ－リア
female,THERESA,テレサ
female,THETIS,テ－チス
female,THYME,タイム
female,TIARA,ティアラ
female,TILDA,ティルダ
female,TOMBOY,トムボ－イ
female,TOPAZ,トパ－ズ
female,TOPPER,トッパ－
female,TOQUE,ト－ク
female,TORITONIDE,トリトニ－
female,TULIP,チュ－リップ
female,TURKEY,タ－キ－
female,TUTORESS,チュ－タリス
female,TYROL,チロル
male,UDO,ウド
male,UFO,ユ－フォ－
male,UHLAND,ウ－ラント
male,ULSTER,アルスタ－
male,ULYSSES,ユ－リシ－ズ
male,UMPIRE,アンパイア
male,UNICORN,ユニコ－ン
male,UNO,ユノ
male,UPDIKE,アップダイク
male,URANUS,ユ－ラナス
male,URCHIN,ア－チン
male,URF,ユルフ
male,UXORIOUS,アクソ－リアス
female,UDDER,アダ－
female,UKULELE,ウクレレ
female,ULRICA,ウルリカ
female,ULRICH,ウルリケ
female,UNA,ユナ
female,UPAS,ユ－パス
female,URANIA,ウラ－ニア
female,USSA,ウッサ
female,UTOPIA,ユ－トピア
male,VALENTINE,ウ゛ァレンタイン
male,VALET,ウ゛ァレ－
male,VANGUARD,ウ゛ァンガ－ド
male,VAQUERO,ウ゛ァ－ケアロ
male,VASSAL,ウ゛ァッサル
male,VEMDOR,ウ゛ァンダ－
male,VICTOR,ウ゛ィクタ－
male,VIGOR,ウ゛ィガ－
male,VIKING,ウ゛ァイキング
male,VIM,ウ゛ィム
male,VINCENT,ウ゛ィンセント
male,VINCI,ウ゛ィンチ
male,VIRFUE,ウ゛ァ－チュ
male,VIRGIL,ウ゛ァ－ジル
male,VISCOUNT,ウ゛ァイカウント
male,VISSARION,ウ゛ィサ－リオン
male,VITALITY,ウ゛ァイタリティ
male,VIVA,ウ゛ィ－ウ゛ァ
male,VIZIER,ウ゛ィジア
male,VOGUE,ウ゛オウグ
male,VOLCANO,ウ゛ォルケイノ
male,VOLKSWAGEN,フォルクスワ－ゲン
male,VORTEX,ウ゛ォ－テクス
male,VOTARY,ウ゛ォウタリ
male,VULCAN,ウ゛ァルカン
male,VULTURE,ウ゛ァルチュア
female,VANILLA,バニラ
female,VASE,ウ゛ェイス
female,VEDA,ベイダ
female,VEGA,ベガ
female,VELVET,ベルベット
female,VENUS,ウ゛ィ－ナス
female,VERONICA,ベロニカ
female,VESTA,ベスタ
female,VICTORIA,ビクトリア
female,VILLA,ウ゛ィラ
female,VIOLA,ビオラ
female,VIOLET,バイオレット
female,VIRAGO,ウ゛ィラ－ゴ
female,VIRGINIA,バ－ジニア
female,VISTA,ビスタ
female,VIVIAN,ビビアン
female,VIXEN,ウ゛ィクスン
female,VOLA,ウ゛ォ－ラ
female,VOLGA,ウ゛ォルガ
male,WAGNER,ワグナ－
male,WAGON,ワゴン
male,WAIF,ウェイフ
male,WAIN,ウェイン
male,WAITER,ウェイタ－
male,WAKSMAN,ワックスマン
male,WALDO,ウ゛ァルド
male,WALHAL,ウ゛ァルハル
male,WALKER,ウォ－カ－
male,WALKIE,ウォ－キ－
male,WALKOVER,ウォ－クオウ゛ァ
male,WALLACE,ウォ－レス
male,WALPOLE,ウォ－ルポ－ル
male,WALT,ウォ－ルト
male,WALTER,ウォ－ルタ－
male,WALTON,ウォ－ルトン
male,WANDERER,ワンダラ－
male,WAPITI,ワピチ
male,WARDER,ワ－ダ－
male,WARGOT,ワ－ゴット
male,WARNER,ウォ－ナ－
male,WARREN,ウォ－レン
male,WARRIOR,ウォ－リア
male,WASHINGTON,ワシントン
male,WASTER,ウェイスタ－
male,WATCHER,ウォッチャ－
male,WATCHMAN,ウォッチマン
male,WATT,ワット
male,WAUGH,ウォ－
male,WEBER,ウ゛ェバ－
male,WEBSTER,ウェブスタ－
male,WEIMAR,ワイマ－ル
male,WEISMANN,ウ゛ァイズマン
male,WELLDOER,ウェルダ－
male,WELLINGTON,ウェリントン
male,WENDELL,ウェンデル
male,WERNER,ワ－ナ－
male,WESLEY,ウェスリ
male,WIENER,ウィ－ナ－
male,WILBERT,ウィルバ－ト
male,WILBUR,ウィルバ－
male,WILDE,ワイルド
male,WILFRID,ウィルフリド
male,WILHELM,ウィルヘルム
male,WILL,ウィル
male,WILLARD,ウィラ－ド
male,WILLIAM,ウィリアム
male,WILLIS,ウィリス
male,WILLY,ウィリ－
male,WILSON,ウィルソン
male,WIN,ウィン
male,WINDSOR,ウィンザ－
male,WINFRED,ウィンフレッド
male,WINGOLF,ウィンゴルフ
male,WINNER,ウィナ－
male,WINSLOW,ウィンズロ－
male,WINSTON,ウィンストン
male,WISHER,ウィッシャ－
male,WISTAN,ウィスタン
male,WIZARD,ウィザ－ド
male,WODEN,ウ゛ォ－ダン
male,WOLFGANG,ウルフガング
male,WORKER,ウワ－カ－
male,WRIGHT,ライト
male,WRIGHTER,ライタ－
male,WRINKLE,リンクル
male,WYATT,ワイアト
female,WAC,ワック
female,WAF,ワッフ
female,WAFER,ウェファ－
female,WAFFLE,ワッフル
female,WAGTAIL,ワグテイル
female,WAHOO,ワ－フ－
female,WAIKIKI,ワイキキ
female,WAITRESS,ウェイトレス
female,WALNUT,ウォ－ルナット
female,WALPURGA,ウ゛ァルプルガ
female,WAMPEE,ワンピ－
female,WANDA,ワンダ
female,WARDRESS,ワ－トリス
female,WAVES,ウェイブス
female,WENCH,ウエンチ
female,WHITESTORK,ホワイトスト－ク
female,WHITEWHICH,ホワイトウィッチ
female,WILHELMINA,ウイルヘルミナ
female,WILLA,ウイラ
female,WILMA,ウイルマ
female,WINIFRED,ウィナフリド
female,WINKER,ウィンカ－
female,WINNIE,ウィニ－
female,WITCH,ウィッチ
female,WREN,レン
male,XAVIER,ザビイア
male,XENON,クセノン
male,XENOPHANES,クセノファネス
male,XENOPHON,クセノフォン
male,XEROX,ツェロックス
male,XERXES,ケルケス
female,XANTHE,クサンスイ
female,XANTHIPPE,クサンティッペ
female,XEBEC,ジ－ベック
female,XENIAL,ジ－ニアル
female,XYLOPHONE,キロフォン
male,YAMA,ヤ－マ
male,YANKEE,ヤンキ－
male,YEATS,イエ－ツ
male,YMIR,イ－ミアル
male,YOGI,ヨ－ギ
male,YOKEL,ヨ－ケル
male,YOUNKER,ヤンカ－
male,YUKON,ユ－コン
female,YAM,ヤム
female,YAUD,イオ－ド
female,YODEL,ヨ－デル
female,YOGA,ヨ－ガ
female,YONI,ヨ－ニ
female,YOUNGBERRY,ヤングベリ－
female,YUCCA,ユッカ
female,YUMMY,ユミ－
female,YUMYUM,ヤムヤム
female,YVONNE,イウ゛ォンヌ
male,ZACH,ザック
male,ZACHARIAH,ザカライア
male,ZACHARY,ザカリ
male,ZADOK,ゼイドック
male,ZEDEKIAH,ゼデカイア
male,ZELOTES,ジ－ロ－ティ－ズ
male,ZENITH,ゼニス
male,ZENON,ゼノン
male,ZENTAUR,ツェンタ－ル
male,ZEPHANIAH,ゼファナイア
male,ZEPPELIN,ツェッペリン
male,ZERBERUS,ツェ－ルバラス
male,ZEUS,ゼウス
male,ZIMBO,ジンボ
male,ZINGARO,ツィンガロ
male,ZION,ツィオン
male,ZOLA,ゾ－ラ
male,ZORO,ゾロ
male,ZOROASTER,ツォロアスタ－
male,ZWEIG,ツウ゛ァイク
male,ZYKLOP,ツィ－クロ－プ
female,ZANK,ツァンク
female,ZAZY,ザジ－
female,ZEBRA,ゼブラ
female,ZENOBIA,ゼノビア
female,ZEPHYR,ゼファル
female,ZEPHYRUS,ゼファラス
female,ZIBET,ジベット
female,ZILA,ジラ－
female,ZOOTY,ズ－ティ