ID,Title,Content,Excerpt,Date,Post Type,Permalink,Image URL,Image Title,Image Caption,Image Description,Image Alt Text,Image Featured,Attachment URL,資格カテゴリー,acf_qu_0_acf_qu_info_0_acf_qu_info_day,_acf_qu_0_acf_qu_info_0_acf_qu_info_day,acf_qu_0_acf_qu_info_0_acf_qu_info_place,_acf_qu_0_acf_qu_info_0_acf_qu_info_place,acf_qu,_acf_qu,_wp_old_slug,acf_qu_test_acf_qu_test_enable,_acf_qu_test_acf_qu_test_enable,acf_qu_test_acf_qu_test_day,_acf_qu_test_acf_qu_test_day,acf_qu_test_acf_qu_test_limit,_acf_qu_test_acf_qu_test_limit,acf_qu_test_acf_qu_test_place,_acf_qu_test_acf_qu_test_place,acf_qu_test_acf_qu_test_examiner,_acf_qu_test_acf_qu_test_examiner,acf_qu_test,_acf_qu_test,acf_qu_compe_acf_qu_compe_enable,_acf_qu_compe_acf_qu_compe_enable,acf_qu_compe_acf_qu_compe_day,_acf_qu_compe_acf_qu_compe_day,acf_qu_compe_acf_qu_compe_limit,_acf_qu_compe_acf_qu_compe_limit,acf_qu_compe_acf_qu_compe_place,_acf_qu_compe_acf_qu_compe_place,acf_qu_compe_acf_qu_compe_chief,_acf_qu_compe_acf_qu_compe_chief,acf_qu_compe,_acf_qu_compe,acf_qu_ws_acf_qu_ws_enable,_acf_qu_ws_acf_qu_ws_enable,acf_qu_ws_acf_qu_ws_day,_acf_qu_ws_acf_qu_ws_day,acf_qu_ws_acf_qu_ws_place,_acf_qu_ws_acf_qu_ws_place,acf_qu_ws_acf_qu_ws_lecturer,_acf_qu_ws_acf_qu_ws_lecturer,acf_qu_ws_acf_qu_ws_theme,_acf_qu_ws_acf_qu_ws_theme,acf_qu_ws,_acf_qu_ws,acf_qu_wshop_acf_qu_wshop_enable,_acf_qu_wshop_acf_qu_wshop_enable,acf_qu_wshop_acf_qu_wshop_day,_acf_qu_wshop_acf_qu_wshop_day,acf_qu_wshop_acf_qu_wshop_place,_acf_qu_wshop_acf_qu_wshop_place,acf_qu_wshop_acf_qu_wshop_lecturer,_acf_qu_wshop_acf_qu_wshop_lecturer,acf_qu_wshop_acf_qu_wshop_theme,_acf_qu_wshop_acf_qu_wshop_theme,acf_qu_wshop,_acf_qu_wshop,acf_qu1_info_0_acf_qu1_info_enable,_acf_qu1_info_0_acf_qu1_info_enable,acf_qu1_info_0_acf_qu1_info_title,_acf_qu1_info_0_acf_qu1_info_title,acf_qu1_info_0_acf_qu1_info_unit_0_acf_qu1_info_unit_title,_acf_qu1_info_0_acf_qu1_info_unit_0_acf_qu1_info_unit_title,acf_qu1_info_0_acf_qu1_info_unit_0_acf_qu1_info_unit_text,_acf_qu1_info_0_acf_qu1_info_unit_0_acf_qu1_info_unit_text,acf_qu1_info_0_acf_qu1_info_unit,_acf_qu1_info_0_acf_qu1_info_unit,acf_qu1_info_1_acf_qu1_info_enable,_acf_qu1_info_1_acf_qu1_info_enable,acf_qu1_info_1_acf_qu1_info_title,_acf_qu1_info_1_acf_qu1_info_title,acf_qu1_info_1_acf_qu1_info_unit_0_acf_qu1_info_unit_title,_acf_qu1_info_1_acf_qu1_info_unit_0_acf_qu1_info_unit_title,acf_qu1_info_1_acf_qu1_info_unit_0_acf_qu1_info_unit_text,_acf_qu1_info_1_acf_qu1_info_unit_0_acf_qu1_info_unit_text,acf_qu1_info_1_acf_qu1_info_unit_1_acf_qu1_info_unit_title,_acf_qu1_info_1_acf_qu1_info_unit_1_acf_qu1_info_unit_title,acf_qu1_info_1_acf_qu1_info_unit_1_acf_qu1_info_unit_text,_acf_qu1_info_1_acf_qu1_info_unit_1_acf_qu1_info_unit_text,acf_qu1_info_1_acf_qu1_info_unit_2_acf_qu1_info_unit_title,_acf_qu1_info_1_acf_qu1_info_unit_2_acf_qu1_info_unit_title,acf_qu1_info_1_acf_qu1_info_unit_2_acf_qu1_info_unit_text,_acf_qu1_info_1_acf_qu1_info_unit_2_acf_qu1_info_unit_text,acf_qu1_info_1_acf_qu1_info_unit_3_acf_qu1_info_unit_title,_acf_qu1_info_1_acf_qu1_info_unit_3_acf_qu1_info_unit_title,acf_qu1_info_1_acf_qu1_info_unit_3_acf_qu1_info_unit_text,_acf_qu1_info_1_acf_qu1_info_unit_3_acf_qu1_info_unit_text,acf_qu1_info_1_acf_qu1_info_unit,_acf_qu1_info_1_acf_qu1_info_unit,acf_qu1_info_2_acf_qu1_info_enable,_acf_qu1_info_2_acf_qu1_info_enable,acf_qu1_info_2_acf_qu1_info_title,_acf_qu1_info_2_acf_qu1_info_title,acf_qu1_info_2_acf_qu1_info_unit_0_acf_qu1_info_unit_title,_acf_qu1_info_2_acf_qu1_info_unit_0_acf_qu1_info_unit_title,acf_qu1_info_2_acf_qu1_info_unit_0_acf_qu1_info_unit_text,_acf_qu1_info_2_acf_qu1_info_unit_0_acf_qu1_info_unit_text,acf_qu1_info_2_acf_qu1_info_unit,_acf_qu1_info_2_acf_qu1_info_unit,acf_qu1_info_3_acf_qu1_info_enable,_acf_qu1_info_3_acf_qu1_info_enable,acf_qu1_info_3_acf_qu1_info_title,_acf_qu1_info_3_acf_qu1_info_title,acf_qu1_info_3_acf_qu1_info_unit_0_acf_qu1_info_unit_title,_acf_qu1_info_3_acf_qu1_info_unit_0_acf_qu1_info_unit_title,acf_qu1_info_3_acf_qu1_info_unit_0_acf_qu1_info_unit_text,_acf_qu1_info_3_acf_qu1_info_unit_0_acf_qu1_info_unit_text,acf_qu1_info_3_acf_qu1_info_unit,_acf_qu1_info_3_acf_qu1_info_unit,acf_qu1_info_4_acf_qu1_info_enable,_acf_qu1_info_4_acf_qu1_info_enable,acf_qu1_info_4_acf_qu1_info_title,_acf_qu1_info_4_acf_qu1_info_title,acf_qu1_info_4_acf_qu1_info_unit_0_acf_qu1_info_unit_title,_acf_qu1_info_4_acf_qu1_info_unit_0_acf_qu1_info_unit_title,acf_qu1_info_4_acf_qu1_info_unit_0_acf_qu1_info_unit_text,_acf_qu1_info_4_acf_qu1_info_unit_0_acf_qu1_info_unit_text,acf_qu1_info_4_acf_qu1_info_unit,_acf_qu1_info_4_acf_qu1_info_unit,acf_qu1_info_4_acf_qu1_info_unit_1_acf_qu1_info_unit_title,_acf_qu1_info_4_acf_qu1_info_unit_1_acf_qu1_info_unit_title,acf_qu1_info_4_acf_qu1_info_unit_1_acf_qu1_info_unit_text,_acf_qu1_info_4_acf_qu1_info_unit_1_acf_qu1_info_unit_text,acf_qu1_info_4_acf_qu1_info_unit_2_acf_qu1_info_unit_title,_acf_qu1_info_4_acf_qu1_info_unit_2_acf_qu1_info_unit_title,acf_qu1_info_4_acf_qu1_info_unit_2_acf_qu1_info_unit_text,_acf_qu1_info_4_acf_qu1_info_unit_2_acf_qu1_info_unit_text,acf_qu1_info_5_acf_qu1_info_enable,_acf_qu1_info_5_acf_qu1_info_enable,acf_qu1_info_5_acf_qu1_info_title,_acf_qu1_info_5_acf_qu1_info_title,acf_qu1_info_5_acf_qu1_info_unit_0_acf_qu1_info_unit_title,_acf_qu1_info_5_acf_qu1_info_unit_0_acf_qu1_info_unit_title,acf_qu1_info_5_acf_qu1_info_unit_0_acf_qu1_info_unit_text,_acf_qu1_info_5_acf_qu1_info_unit_0_acf_qu1_info_unit_text,acf_qu1_info_5_acf_qu1_info_unit,_acf_qu1_info_5_acf_qu1_info_unit,acf_qu1_info_0_acf_qu1_info_unit_1_acf_qu1_info_unit_title,_acf_qu1_info_0_acf_qu1_info_unit_1_acf_qu1_info_unit_title,acf_qu1_info_0_acf_qu1_info_unit_1_acf_qu1_info_unit_text,_acf_qu1_info_0_acf_qu1_info_unit_1_acf_qu1_info_unit_text,acf_qu1_info_0_acf_qu1_info_unit_2_acf_qu1_info_unit_title,_acf_qu1_info_0_acf_qu1_info_unit_2_acf_qu1_info_unit_title,acf_qu1_info_0_acf_qu1_info_unit_2_acf_qu1_info_unit_text,_acf_qu1_info_0_acf_qu1_info_unit_2_acf_qu1_info_unit_text,acf_qu1_info_0_acf_qu1_info_unit_3_acf_qu1_info_unit_title,_acf_qu1_info_0_acf_qu1_info_unit_3_acf_qu1_info_unit_title,acf_qu1_info_0_acf_qu1_info_unit_3_acf_qu1_info_unit_text,_acf_qu1_info_0_acf_qu1_info_unit_3_acf_qu1_info_unit_text,acf_qu1_info_2_acf_qu1_info_unit_1_acf_qu1_info_unit_title,_acf_qu1_info_2_acf_qu1_info_unit_1_acf_qu1_info_unit_title,acf_qu1_info_2_acf_qu1_info_unit_1_acf_qu1_info_unit_text,_acf_qu1_info_2_acf_qu1_info_unit_1_acf_qu1_info_unit_text,acf_qu1_info_2_acf_qu1_info_unit_2_acf_qu1_info_unit_title,_acf_qu1_info_2_acf_qu1_info_unit_2_acf_qu1_info_unit_title,acf_qu1_info_2_acf_qu1_info_unit_2_acf_qu1_info_unit_text,_acf_qu1_info_2_acf_qu1_info_unit_2_acf_qu1_info_unit_text,acf_qu1_info_2_acf_qu1_info_unit_3_acf_qu1_info_unit_title,_acf_qu1_info_2_acf_qu1_info_unit_3_acf_qu1_info_unit_title,acf_qu1_info_2_acf_qu1_info_unit_3_acf_qu1_info_unit_text,_acf_qu1_info_2_acf_qu1_info_unit_3_acf_qu1_info_unit_text,acf_qu1_info_4_acf_qu1_info_unit_3_acf_qu1_info_unit_title,_acf_qu1_info_4_acf_qu1_info_unit_3_acf_qu1_info_unit_title,acf_qu1_info_4_acf_qu1_info_unit_3_acf_qu1_info_unit_text,_acf_qu1_info_4_acf_qu1_info_unit_3_acf_qu1_info_unit_text,acf_qu1_info_6_acf_qu1_info_enable,_acf_qu1_info_6_acf_qu1_info_enable,acf_qu1_info_6_acf_qu1_info_title,_acf_qu1_info_6_acf_qu1_info_title,acf_qu1_info_6_acf_qu1_info_unit_0_acf_qu1_info_unit_title,_acf_qu1_info_6_acf_qu1_info_unit_0_acf_qu1_info_unit_title,acf_qu1_info_6_acf_qu1_info_unit_0_acf_qu1_info_unit_text,_acf_qu1_info_6_acf_qu1_info_unit_0_acf_qu1_info_unit_text,acf_qu1_info_6_acf_qu1_info_unit,_acf_qu1_info_6_acf_qu1_info_unit,acf_qu1_info_3_acf_qu1_info_unit_1_acf_qu1_info_unit_title,_acf_qu1_info_3_acf_qu1_info_unit_1_acf_qu1_info_unit_title,acf_qu1_info_3_acf_qu1_info_unit_1_acf_qu1_info_unit_text,_acf_qu1_info_3_acf_qu1_info_unit_1_acf_qu1_info_unit_text,acf_qu1_info_3_acf_qu1_info_unit_2_acf_qu1_info_unit_title,_acf_qu1_info_3_acf_qu1_info_unit_2_acf_qu1_info_unit_title,acf_qu1_info_3_acf_qu1_info_unit_2_acf_qu1_info_unit_text,_acf_qu1_info_3_acf_qu1_info_unit_2_acf_qu1_info_unit_text,acf_qu1_info_3_acf_qu1_info_unit_3_acf_qu1_info_unit_title,_acf_qu1_info_3_acf_qu1_info_unit_3_acf_qu1_info_unit_title,acf_qu1_info_3_acf_qu1_info_unit_3_acf_qu1_info_unit_text,_acf_qu1_info_3_acf_qu1_info_unit_3_acf_qu1_info_unit_text,acf_qu1_info_5_acf_qu1_info_unit_1_acf_qu1_info_unit_title,_acf_qu1_info_5_acf_qu1_info_unit_1_acf_qu1_info_unit_title,acf_qu1_info_5_acf_qu1_info_unit_1_acf_qu1_info_unit_text,_acf_qu1_info_5_acf_qu1_info_unit_1_acf_qu1_info_unit_text,acf_qu1_info_5_acf_qu1_info_unit_2_acf_qu1_info_unit_title,_acf_qu1_info_5_acf_qu1_info_unit_2_acf_qu1_info_unit_title,acf_qu1_info_5_acf_qu1_info_unit_2_acf_qu1_info_unit_text,_acf_qu1_info_5_acf_qu1_info_unit_2_acf_qu1_info_unit_text,acf_qu1_info_5_acf_qu1_info_unit_3_acf_qu1_info_unit_title,_acf_qu1_info_5_acf_qu1_info_unit_3_acf_qu1_info_unit_title,acf_qu1_info_5_acf_qu1_info_unit_3_acf_qu1_info_unit_text,_acf_qu1_info_5_acf_qu1_info_unit_3_acf_qu1_info_unit_text,acf_qu1_info_5_acf_qu1_info_unit_4_acf_qu1_info_unit_title,_acf_qu1_info_5_acf_qu1_info_unit_4_acf_qu1_info_unit_title,acf_qu1_info_5_acf_qu1_info_unit_4_acf_qu1_info_unit_text,_acf_qu1_info_5_acf_qu1_info_unit_4_acf_qu1_info_unit_text,acf_qu1_info_3_acf_qu1_info_unit_4_acf_qu1_info_unit_title,_acf_qu1_info_3_acf_qu1_info_unit_4_acf_qu1_info_unit_title,acf_qu1_info_3_acf_qu1_info_unit_4_acf_qu1_info_unit_text,_acf_qu1_info_3_acf_qu1_info_unit_4_acf_qu1_info_unit_text,acf_qu1_info_3_acf_qu1_info_unit_5_acf_qu1_info_unit_title,_acf_qu1_info_3_acf_qu1_info_unit_5_acf_qu1_info_unit_title,acf_qu1_info_3_acf_qu1_info_unit_5_acf_qu1_info_unit_text,_acf_qu1_info_3_acf_qu1_info_unit_5_acf_qu1_info_unit_text,_wp_old_date,acf_qu1_info_7_acf_qu1_info_enable,_acf_qu1_info_7_acf_qu1_info_enable,acf_qu1_info_7_acf_qu1_info_title,_acf_qu1_info_7_acf_qu1_info_title,acf_qu1_info_7_acf_qu1_info_unit_0_acf_qu1_info_unit_title,_acf_qu1_info_7_acf_qu1_info_unit_0_acf_qu1_info_unit_title,acf_qu1_info_7_acf_qu1_info_unit_0_acf_qu1_info_unit_text,_acf_qu1_info_7_acf_qu1_info_unit_0_acf_qu1_info_unit_text,acf_qu1_info_7_acf_qu1_info_unit,_acf_qu1_info_7_acf_qu1_info_unit,_dp_original,acf_qu1_info_0_acf_qu1_info_unit_4_acf_qu1_info_unit_title,_acf_qu1_info_0_acf_qu1_info_unit_4_acf_qu1_info_unit_title,acf_qu1_info_0_acf_qu1_info_unit_4_acf_qu1_info_unit_text,_acf_qu1_info_0_acf_qu1_info_unit_4_acf_qu1_info_unit_text,acf_qu1_info_1_acf_qu1_info_unit_4_acf_qu1_info_unit_title,_acf_qu1_info_1_acf_qu1_info_unit_4_acf_qu1_info_unit_title,acf_qu1_info_1_acf_qu1_info_unit_4_acf_qu1_info_unit_text,_acf_qu1_info_1_acf_qu1_info_unit_4_acf_qu1_info_unit_text,acf_qu1_info_6_acf_qu1_info_unit_1_acf_qu1_info_unit_title,_acf_qu1_info_6_acf_qu1_info_unit_1_acf_qu1_info_unit_title,acf_qu1_info_6_acf_qu1_info_unit_1_acf_qu1_info_unit_text,_acf_qu1_info_6_acf_qu1_info_unit_1_acf_qu1_info_unit_text,acf_qu1_info_6_acf_qu1_info_unit_2_acf_qu1_info_unit_title,_acf_qu1_info_6_acf_qu1_info_unit_2_acf_qu1_info_unit_title,acf_qu1_info_6_acf_qu1_info_unit_2_acf_qu1_info_unit_text,_acf_qu1_info_6_acf_qu1_info_unit_2_acf_qu1_info_unit_text,acf_qu1_info_6_acf_qu1_info_unit_3_acf_qu1_info_unit_title,_acf_qu1_info_6_acf_qu1_info_unit_3_acf_qu1_info_unit_title,acf_qu1_info_6_acf_qu1_info_unit_3_acf_qu1_info_unit_text,_acf_qu1_info_6_acf_qu1_info_unit_3_acf_qu1_info_unit_text,acf_qu1_info_7_acf_qu1_info_unit_1_acf_qu1_info_unit_title,_acf_qu1_info_7_acf_qu1_info_unit_1_acf_qu1_info_unit_title,acf_qu1_info_7_acf_qu1_info_unit_1_acf_qu1_info_unit_text,_acf_qu1_info_7_acf_qu1_info_unit_1_acf_qu1_info_unit_text,acf_qu1_info_7_acf_qu1_info_unit_2_acf_qu1_info_unit_title,_acf_qu1_info_7_acf_qu1_info_unit_2_acf_qu1_info_unit_title,acf_qu1_info_7_acf_qu1_info_unit_2_acf_qu1_info_unit_text,_acf_qu1_info_7_acf_qu1_info_unit_2_acf_qu1_info_unit_text,acf_qu1_info_7_acf_qu1_info_unit_3_acf_qu1_info_unit_title,_acf_qu1_info_7_acf_qu1_info_unit_3_acf_qu1_info_unit_title,acf_qu1_info_7_acf_qu1_info_unit_3_acf_qu1_info_unit_text,_acf_qu1_info_7_acf_qu1_info_unit_3_acf_qu1_info_unit_text,acf_qu1_info_8_acf_qu1_info_enable,_acf_qu1_info_8_acf_qu1_info_enable,acf_qu1_info_8_acf_qu1_info_title,_acf_qu1_info_8_acf_qu1_info_title,acf_qu1_info_8_acf_qu1_info_unit_0_acf_qu1_info_unit_title,_acf_qu1_info_8_acf_qu1_info_unit_0_acf_qu1_info_unit_title,acf_qu1_info_8_acf_qu1_info_unit_0_acf_qu1_info_unit_text,_acf_qu1_info_8_acf_qu1_info_unit_0_acf_qu1_info_unit_text,acf_qu1_info_8_acf_qu1_info_unit_1_acf_qu1_info_unit_title,_acf_qu1_info_8_acf_qu1_info_unit_1_acf_qu1_info_unit_title,acf_qu1_info_8_acf_qu1_info_unit_1_acf_qu1_info_unit_text,_acf_qu1_info_8_acf_qu1_info_unit_1_acf_qu1_info_unit_text,acf_qu1_info_8_acf_qu1_info_unit_2_acf_qu1_info_unit_title,_acf_qu1_info_8_acf_qu1_info_unit_2_acf_qu1_info_unit_title,acf_qu1_info_8_acf_qu1_info_unit_2_acf_qu1_info_unit_text,_acf_qu1_info_8_acf_qu1_info_unit_2_acf_qu1_info_unit_text,acf_qu1_info_8_acf_qu1_info_unit_3_acf_qu1_info_unit_title,_acf_qu1_info_8_acf_qu1_info_unit_3_acf_qu1_info_unit_title,acf_qu1_info_8_acf_qu1_info_unit_3_acf_qu1_info_unit_text,_acf_qu1_info_8_acf_qu1_info_unit_3_acf_qu1_info_unit_text,acf_qu1_info_8_acf_qu1_info_unit,_acf_qu1_info_8_acf_qu1_info_unit,acf_qu1_info_9_acf_qu1_info_enable,_acf_qu1_info_9_acf_qu1_info_enable,acf_qu1_info_9_acf_qu1_info_title,_acf_qu1_info_9_acf_qu1_info_title,acf_qu1_info_9_acf_qu1_info_unit_0_acf_qu1_info_unit_title,_acf_qu1_info_9_acf_qu1_info_unit_0_acf_qu1_info_unit_title,acf_qu1_info_9_acf_qu1_info_unit_0_acf_qu1_info_unit_text,_acf_qu1_info_9_acf_qu1_info_unit_0_acf_qu1_info_unit_text,acf_qu1_info_9_acf_qu1_info_unit,_acf_qu1_info_9_acf_qu1_info_unit,acf_qu1_info_10_acf_qu1_info_enable,_acf_qu1_info_10_acf_qu1_info_enable,acf_qu1_info_10_acf_qu1_info_title,_acf_qu1_info_10_acf_qu1_info_title,acf_qu1_info_10_acf_qu1_info_unit_0_acf_qu1_info_unit_title,_acf_qu1_info_10_acf_qu1_info_unit_0_acf_qu1_info_unit_title,acf_qu1_info_10_acf_qu1_info_unit_0_acf_qu1_info_unit_text,_acf_qu1_info_10_acf_qu1_info_unit_0_acf_qu1_info_unit_text,acf_qu1_info_10_acf_qu1_info_unit,_acf_qu1_info_10_acf_qu1_info_unit,Status,Author ID,Author Username,Author Email,Author First Name,Author Last Name,Slug,Format,Template,Parent,Parent Slug,Order,Comment Status,Ping Status,Post Modified Date,各グループ受賞者画像,各グループ受賞者画像キャプション,リダイレクト先,表紙画像,掲載記事情報,特集紹介文,サンプルPDF,表紙画像,誌面画像,特集見出し,特集名テキスト,読み物テキスト,HTMLエディタから入力,郵送申込み用PDF,クレジットカードでのお申込みURL,説明テキスト,開催日,開催時間,開催場所,開催内容,ブロック,連絡事務所,公認資格試験情報_acf_qu1_info_enable,公認資格試験情報_acf_qu1_info_title,公認資格試験情報_acf_qu1_info_unit,Googleマップ,サーバー内CSS,各項目ページ共通　ヘッダー画像,HTMLエディタから入力,カスタムCSS,犬種グループ説明文,展覧会出陳受付について,バナー画像（小）,バナー画像（大）,リンク先URL,バナークリック時の動作,お知らせ内画像（画像登録した場合、左側のお知らせ枠に表示されます）,リンク先URL,NEWアイコン,リンククリック時の動作,「NEWS お知らせ」画面表示数,緊急時情報,犬種名（ひらがな）,犬種名（英表記）,原産地,用途,沿革,一般外貌,習性／性格,毛色,開催日,祝日表示,BTB,会場,事務所,電話番号,FAX番号,重要なお知らせ（上段に表示）,お知らせ（下段に表示）,カスタムCSS,コメント
7005,北海道ブロックトリマー委員会,,,2019/5/29 6:23,qualification1,http://jkc.wp/archives/qualification1/7005,,,,,,,,トリマー委員会,,field_5cedf6f76b99b,,field_5cedf7306b99c,,field_5cecfa30b47c7,%e3%83%88%e3%83%aa%e3%83%9e%e3%83%bc%e5%a7%94%e5%93%a1%e4%bc%9a,0,field_5cf098134011f,,field_5cf09876cde09,,field_5cf099450f99b,,field_5cf098a6cde0a,,field_5cf099360f99a,,field_5cf097316ef4e,0,field_5cf09a1b20170,,field_5cf09a1b20171,,field_5cf09a1b20172,,field_5cf09a1b20173,,field_5cf09a1b20174,,field_5cf09a1b2016f,0,field_5cf09b5723f19,,field_5cf09b5723f1a,,field_5cf09b5723f1c,,field_5cf09b5723f1d,,field_5cf09b5723f1b,,field_5cf09b5723f18,0,field_5cf09b5723f19,,field_5cf09b5723f1a,,field_5cf09b5723f1c,,field_5cf09b5723f1d,,field_5cf09b5723f1b,,field_5cf09b5723f18,0,field_5d1b22a1e3079,競技会,field_5d1b203ae3077,日時,field_5d1b22ebe307a,2024年9月29日(日)　12時～,field_5d1b23e8e307b,4,field_5d1b2158e3078,0,field_5d1b22a1e3079,義務研修会,field_5d1b203ae3077,日時,field_5d1b22ebe307a,2024年11月1日(金)　12時～,field_5d1b23e8e307b,会場,field_5d1b22ebe307a,北海道ペットパーク,field_5d1b23e8e307b,研修会講師,field_5d1b22ebe307a,神宮和晃,field_5d1b23e8e307b,研修テーマ,field_5d1b22ebe307a,プードルのスカンジナビアン・クリップについて,field_5d1b23e8e307b,4,field_5d1b2158e3078,0,field_5d1b22a1e3079,資格取得試験,field_5d1b203ae3077,日時,field_5d1b22ebe307a,"2024年11月24日(日)　10時～
<span class=""colorR"">※都合により時間が変更されました。</span>",field_5d1b23e8e307b,4,field_5d1b2158e3078,0,field_5d1b22a1e3079,義務研修会,field_5d1b203ae3077,,field_5d1b22ebe307a,"<span class=""colorR"">本年度の北海道ブロックトリマー義務研修会は、新型コロナウイルスの感染拡大防止の為、開催中止といたします。
なお、開催中止に伴う特別措置として、保持資格となることはありません。</span>
",field_5d1b23e8e307b,1,field_5d1b2158e3078,0,field_5d1b22a1e3079,義務研修会,field_5d1b203ae3077,,field_5d1b22ebe307a,本年度の北海道ブロックトリマー義務研修会の開催は終了しました。,field_5d1b23e8e307b,4,field_5d1b2158e3078,,field_5d1b22ebe307a,"<span class=""colorR"">本年度の北海道ブロックトリミング競技会は、新型コロナウイルス感染症予防対策として、無観客開催といたします。</span>",field_5d1b23e8e307b,,field_5d1b22ebe307a,"<span class=""colorR"">都合により時間が変更されました。</span>",field_5d1b23e8e307b,0,field_5d1b22a1e3079,資格取得試験,field_5d1b203ae3077,,field_5d1b22ebe307a,"<span class=""colorR"">10月23日(日)に開催を予定しておりましたトリマー試験は、受験者５名未満のため中止となりました。</span>",field_5d1b23e8e307b,1,field_5d1b2158e3078,申込締切日,field_5d1b22ebe307a,申込は締め切りました。,field_5d1b23e8e307b,会場,field_5d1b22ebe307a,北海道エコ・動物自然専門学校,field_5d1b23e8e307b,審査員長,field_5d1b22ebe307a,"島本彩恵
",field_5d1b23e8e307b,申込締切日,field_5d1b22ebe307a,申込は締め切りました。,field_5d1b23e8e307b,会場,field_5d1b22ebe307a,北海道エコ・動物自然専門学校,field_5d1b23e8e307b,試験委員,field_5d1b22ebe307a,田中美恵子,field_5d1b23e8e307b,,field_5d1b22ebe307a,申込は締め切りました。,field_5d1b23e8e307b,,,,,,,,,,,,,,,,,,,,,,,,,,,,,,,,,,,,,,,,,,,,,,,,,,,,,,,,,,,,,,,,,,,,,,,,,,,,,,,,,,,,,,,,,,,,,,,,,,,,,,,,,,,,,,,,,,,,,,,,,,,,,,,,,,,,,private,1,s-ito@cck7.co.jp,s-ito@cck7.co.jp,広研,WEB制作,qualification_trimmer,,,0,0,1,closed,closed,2024/11/27 8:55,,,,,,,,,,,,,,,,,,,,,北海道,"工藤由佳子
〒064-0808  札幌市中央区南８条西７－１０３６－１　ダイアパレス中島公園１０２　北海道トリマー学園内
電話090-8372-6550",0|0|0|0|0|0,競技会|義務研修会|資格取得試験|義務研修会|義務研修会|資格取得試験,Array|Array|Array|Array,,,,,,,,,,,,,,,,,,,,,,,,,,,,,,,,,,,,
,,,,,,,,,,,,,,,,,,,,,,,,,,,,,,,,,,,,,,,,,,,,,,,,,,,,,,,,,,,,,,,,,,,,,,,,,,,,,,,,,,,,,,,,,,,,,,,,,,,,,,,,,,,,,,,,,,,,,,,,,,,,,,,,,,,,,,,,,,,,,,,,,,,,,,,,,,,,,,,,,,,,,,,,,,,,,,,,,,,,,,,,,,,,,,,,,,,,,,,,,,,,,,,,,,,,,,,,,,,,,,,,,,,,,,,,,,,,,,,,,,,,,,,,,,,,,,,,,,,,,,,,,,,,,,,,,,,,,,,,,,,,,,,,,,,,,,,,,,,,,,,,,,,,,,,,,,,,,,,,,,,,,,,,,,,,,,,,,,,,,,,,,,,,,,,,,,,,,,,,,,,,,,,,,,,,,,,,,,,,,,,,,
,,,,,,,,,,,,,,,,,,,,,,,,,,,,,,,,,,,,,,,,,,,,,,,,,,,,,,,,,,,,,,,,,,,,,,,,,,,,,,,,,,,,,,,,,,,,,,,,,,,,,,,,,,,,,,,,,,,,,,,,,,,,,,,,,,,,,,,,,,,,,,,,,,,,,,,,,,,,,,,,,,,,,,,,,,,,,,,,,,,,,,,,,,,,,,,,,,,,,,,,,,,,,,,,,,,,,,,,,,,,,,,,,,,,,,,,,,,,,,,,,,,,,,,,,,,,,,,,,,,,,,,,,,,,,,,,,,,,,,,,,,,,,,,,,,,,,,,,,,,,,,,,,,,,,,,,,,,,,,,,,,,,,,,,,,,,,,,,,,,,,,,,,,,,,,,,,,,,,,,,,,,,,,,,,,,,,,,,,,,,,,,,,
,,,,,,,,,,,,,,,,,,,,,,,,,,,,,,,,,,,,,,,,,,,,,,,,,,,,,,,,,,,,,,,,,,,,,,,,,,,,,,,,,,,,,,,,,,,,,,,,,,,,,,,,,,,,,,,,,,,,,,,,,,,,,,,,,,,,,,,,,,,,,,,,,,,,,,,,,,,,,,,,,,,,,,,,,,,,,,,,,,,,,,,,,,,,,,,,,,,,,,,,,,,,,,,,,,,,,,,,,,,,,,,,,,,,,,,,,,,,,,,,,,,,,,,,,,,,,,,,,,,,,,,,,,,,,,,,,,,,,,,,,,,,,,,,,,,,,,,,,,,,,,,,,,,,,,,,,,,,,,,,,,,,,,,,,,,,,,,,,,,,,,,,,,,,,,,,,,,,,,,,,,,,,,,,,,,,,,,,,,,,,,,,,
,,,,,,,,,,,,,,,,,,,,,,,,,,,,,,,,,,,,,,,,,,,,,,,,,,,,,,,,,,,,,,,,,,,,,,,,,,,,,,,,,,,,,,,,,,,,,,,,,,,,,,,,,,,,,,,,,,,,,,,,,,,,,,,,,,,,,,,,,,,,,,,,,,,,,,,,,,,,,,,,,,,,,,,,,,,,,,,,,,,,,,,,,,,,,,,,,,,,,,,,,,,,,,,,,,,,,,,,,,,,,,,,,,,,,,,,,,,,,,,,,,,,,,,,,,,,,,,,,,,,,,,,,,,,,,,,,,,,,,,,,,,,,,,,,,,,,,,,,,,,,,,,,,,,,,,,,,,,,,,,,,,,,,,,,,,,,,,,,,,,,,,,,,,,,,,,,,,,,,,,,,,,,,,,,,,,,,,,,,,,,,,,,
,,,,,,,,,,,,,,,,,,,,,,,,,,,,,,,,,,,,,,,,,,,,,,,,,,,,,,,,,,,,,,,,,,,,,,,,,,,,,,,,,,,,,,,,,,,,,,,,,,,,,,,,,,,,,,,,,,,,,,,,,,,,,,,,,,,,,,,,,,,,,,,,,,,,,,,,,,,,,,,,,,,,,,,,,,,,,,,,,,,,,,,,,,,,,,,,,,,,,,,,,,,,,,,,,,,,,,,,,,,,,,,,,,,,,,,,,,,,,,,,,,,,,,,,,,,,,,,,,,,,,,,,,,,,,,,,,,,,,,,,,,,,,,,,,,,,,,,,,,,,,,,,,,,,,,,,,,,,,,,,,,,,,,,,,,,,,,,,,,,,,,,,,,,,,,,,,,,,,,,,,,,,,,,,,,,,,,,,,,,,,,,,,
,,,,,,,,,,,,,,,,,,,,,,,,,,,,,,,,,,,,,,,,,,,,,,,,,,,,,,,,,,,,,,,,,,,,,,,,,,,,,,,,,,,,,,,,,,,,,,,,,,,,,,,,,,,,,,,,,,,,,,,,,,,,,,,,,,,,,,,,,,,,,,,,,,,,,,,,,,,,,,,,,,,,,,,,,,,,,,,,,,,,,,,,,,,,,,,,,,,,,,,,,,,,,,,,,,,,,,,,,,,,,,,,,,,,,,,,,,,,,,,,,,,,,,,,,,,,,,,,,,,,,,,,,,,,,,,,,,,,,,,,,,,,,,,,,,,,,,,,,,,,,,,,,,,,,,,,,,,,,,,,,,,,,,,,,,,,,,,,,,,,,,,,,,,,,,,,,,,,,,,,,,,,,,,,,,,,,,,,,,,,,,,,,
,,,,,,,,,,,,,,,,,,,,,,,,,,,,,,,,,,,,,,,,,,,,,,,,,,,,,,,,,,,,,,,,,,,,,,,,,,,,,,,,,,,,,,,,,,,,,,,,,,,,,,,,,,,,,,,,,,,,,,,,,,,,,,,,,,,,,,,,,,,,,,,,,,,,,,,,,,,,,,,,,,,,,,,,,,,,,,,,,,,,,,,,,,,,,,,,,,,,,,,,,,,,,,,,,,,,,,,,,,,,,,,,,,,,,,,,,,,,,,,,,,,,,,,,,,,,,,,,,,,,,,,,,,,,,,,,,,,,,,,,,,,,,,,,,,,,,,,,,,,,,,,,,,,,,,,,,,,,,,,,,,,,,,,,,,,,,,,,,,,,,,,,,,,,,,,,,,,,,,,,,,,,,,,,,,,,,,,,,,,,,,,,,
,,,,,,,,,,,,,,,,,,,,,,,,,,,,,,,,,,,,,,,,,,,,,,,,,,,,,,,,,,,,,,,,,,,,,,,,,,,,,,,,,,,,,,,,,,,,,,,,,,,,,,,,,,,,,,,,,,,,,,,,,,,,,,,,,,,,,,,,,,,,,,,,,,,,,,,,,,,,,,,,,,,,,,,,,,,,,,,,,,,,,,,,,,,,,,,,,,,,,,,,,,,,,,,,,,,,,,,,,,,,,,,,,,,,,,,,,,,,,,,,,,,,,,,,,,,,,,,,,,,,,,,,,,,,,,,,,,,,,,,,,,,,,,,,,,,,,,,,,,,,,,,,,,,,,,,,,,,,,,,,,,,,,,,,,,,,,,,,,,,,,,,,,,,,,,,,,,,,,,,,,,,,,,,,,,,,,,,,,,,,,,,,,
,,,,,,,,,,,,,,,,,,,,,,,,,,,,,,,,,,,,,,,,,,,,,,,,,,,,,,,,,,,,,,,,,,,,,,,,,,,,,,,,,,,,,,,,,,,,,,,,,,,,,,,,,,,,,,,,,,,,,,,,,,,,,,,,,,,,,,,,,,,,,,,,,,,,,,,,,,,,,,,,,,,,,,,,,,,,,,,,,,,,,,,,,,,,,,,,,,,,,,,,,,,,,,,,,,,,,,,,,,,,,,,,,,,,,,,,,,,,,,,,,,,,,,,,,,,,,,,,,,,,,,,,,,,,,,,,,,,,,,,,,,,,,,,,,,,,,,,,,,,,,,,,,,,,,,,,,,,,,,,,,,,,,,,,,,,,,,,,,,,,,,,,,,,,,,,,,,,,,,,,,,,,,,,,,,,,,,,,,,,,,,,,,
,,,,,,,,,,,,,,,,,,,,,,,,,,,,,,,,,,,,,,,,,,,,,,,,,,,,,,,,,,,,,,,,,,,,,,,,,,,,,,,,,,,,,,,,,,,,,,,,,,,,,,,,,,,,,,,,,,,,,,,,,,,,,,,,,,,,,,,,,,,,,,,,,,,,,,,,,,,,,,,,,,,,,,,,,,,,,,,,,,,,,,,,,,,,,,,,,,,,,,,,,,,,,,,,,,,,,,,,,,,,,,,,,,,,,,,,,,,,,,,,,,,,,,,,,,,,,,,,,,,,,,,,,,,,,,,,,,,,,,,,,,,,,,,,,,,,,,,,,,,,,,,,,,,,,,,,,,,,,,,,,,,,,,,,,,,,,,,,,,,,,,,,,,,,,,,,,,,,,,,,,,,,,,,,,,,,,,,,,,,,,,,,,
,,,,,,,,,,,,,,,,,,,,,,,,,,,,,,,,,,,,,,,,,,,,,,,,,,,,,,,,,,,,,,,,,,,,,,,,,,,,,,,,,,,,,,,,,,,,,,,,,,,,,,,,,,,,,,,,,,,,,,,,,,,,,,,,,,,,,,,,,,,,,,,,,,,,,,,,,,,,,,,,,,,,,,,,,,,,,,,,,,,,,,,,,,,,,,,,,,,,,,,,,,,,,,,,,,,,,,,,,,,,,,,,,,,,,,,,,,,,,,,,,,,,,,,,,,,,,,,,,,,,,,,,,,,,,,,,,,,,,,,,,,,,,,,,,,,,,,,,,,,,,,,,,,,,,,,,,,,,,,,,,,,,,,,,,,,,,,,,,,,,,,,,,,,,,,,,,,,,,,,,,,,,,,,,,,,,,,,,,,,,,,,,,
,,,,,,,,,,,,,,,,,,,,,,,,,,,,,,,,,,,,,,,,,,,,,,,,,,,,,,,,,,,,,,,,,,,,,,,,,,,,,,,,,,,,,,,,,,,,,,,,,,,,,,,,,,,,,,,,,,,,,,,,,,,,,,,,,,,,,,,,,,,,,,,,,,,,,,,,,,,,,,,,,,,,,,,,,,,,,,,,,,,,,,,,,,,,,,,,,,,,,,,,,,,,,,,,,,,,,,,,,,,,,,,,,,,,,,,,,,,,,,,,,,,,,,,,,,,,,,,,,,,,,,,,,,,,,,,,,,,,,,,,,,,,,,,,,,,,,,,,,,,,,,,,,,,,,,,,,,,,,,,,,,,,,,,,,,,,,,,,,,,,,,,,,,,,,,,,,,,,,,,,,,,,,,,,,,,,,,,,,,,,,,,,,
,,,,,,,,,,,,,,,,,,,,,,,,,,,,,,,,,,,,,,,,,,,,,,,,,,,,,,,,,,,,,,,,,,,,,,,,,,,,,,,,,,,,,,,,,,,,,,,,,,,,,,,,,,,,,,,,,,,,,,,,,,,,,,,,,,,,,,,,,,,,,,,,,,,,,,,,,,,,,,,,,,,,,,,,,,,,,,,,,,,,,,,,,,,,,,,,,,,,,,,,,,,,,,,,,,,,,,,,,,,,,,,,,,,,,,,,,,,,,,,,,,,,,,,,,,,,,,,,,,,,,,,,,,,,,,,,,,,,,,,,,,,,,,,,,,,,,,,,,,,,,,,,,,,,,,,,,,,,,,,,,,,,,,,,,,,,,,,,,,,,,,,,,,,,,,,,,,,,,,,,,,,,,,,,,,,,,,,,,,,,,,,,,
,,,,,,,,,,,,,,,,,,,,,,,,,,,,,,,,,,,,,,,,,,,,,,,,,,,,,,,,,,,,,,,,,,,,,,,,,,,,,,,,,,,,,,,,,,,,,,,,,,,,,,,,,,,,,,,,,,,,,,,,,,,,,,,,,,,,,,,,,,,,,,,,,,,,,,,,,,,,,,,,,,,,,,,,,,,,,,,,,,,,,,,,,,,,,,,,,,,,,,,,,,,,,,,,,,,,,,,,,,,,,,,,,,,,,,,,,,,,,,,,,,,,,,,,,,,,,,,,,,,,,,,,,,,,,,,,,,,,,,,,,,,,,,,,,,,,,,,,,,,,,,,,,,,,,,,,,,,,,,,,,,,,,,,,,,,,,,,,,,,,,,,,,,,,,,,,,,,,,,,,,,,,,,,,,,,,,,,,,,,,,,,,,
,,,,,,,,,,,,,,,,,,,,,,,,,,,,,,,,,,,,,,,,,,,,,,,,,,,,,,,,,,,,,,,,,,,,,,,,,,,,,,,,,,,,,,,,,,,,,,,,,,,,,,,,,,,,,,,,,,,,,,,,,,,,,,,,,,,,,,,,,,,,,,,,,,,,,,,,,,,,,,,,,,,,,,,,,,,,,,,,,,,,,,,,,,,,,,,,,,,,,,,,,,,,,,,,,,,,,,,,,,,,,,,,,,,,,,,,,,,,,,,,,,,,,,,,,,,,,,,,,,,,,,,,,,,,,,,,,,,,,,,,,,,,,,,,,,,,,,,,,,,,,,,,,,,,,,,,,,,,,,,,,,,,,,,,,,,,,,,,,,,,,,,,,,,,,,,,,,,,,,,,,,,,,,,,,,,,,,,,,,,,,,,,,
,,,,,,,,,,,,,,,,,,,,,,,,,,,,,,,,,,,,,,,,,,,,,,,,,,,,,,,,,,,,,,,,,,,,,,,,,,,,,,,,,,,,,,,,,,,,,,,,,,,,,,,,,,,,,,,,,,,,,,,,,,,,,,,,,,,,,,,,,,,,,,,,,,,,,,,,,,,,,,,,,,,,,,,,,,,,,,,,,,,,,,,,,,,,,,,,,,,,,,,,,,,,,,,,,,,,,,,,,,,,,,,,,,,,,,,,,,,,,,,,,,,,,,,,,,,,,,,,,,,,,,,,,,,,,,,,,,,,,,,,,,,,,,,,,,,,,,,,,,,,,,,,,,,,,,,,,,,,,,,,,,,,,,,,,,,,,,,,,,,,,,,,,,,,,,,,,,,,,,,,,,,,,,,,,,,,,,,,,,,,,,,,,
,,,,,,,,,,,,,,,,,,,,,,,,,,,,,,,,,,,,,,,,,,,,,,,,,,,,,,,,,,,,,,,,,,,,,,,,,,,,,,,,,,,,,,,,,,,,,,,,,,,,,,,,,,,,,,,,,,,,,,,,,,,,,,,,,,,,,,,,,,,,,,,,,,,,,,,,,,,,,,,,,,,,,,,,,,,,,,,,,,,,,,,,,,,,,,,,,,,,,,,,,,,,,,,,,,,,,,,,,,,,,,,,,,,,,,,,,,,,,,,,,,,,,,,,,,,,,,,,,,,,,,,,,,,,,,,,,,,,,,,,,,,,,,,,,,,,,,,,,,,,,,,,,,,,,,,,,,,,,,,,,,,,,,,,,,,,,,,,,,,,,,,,,,,,,,,,,,,,,,,,,,,,,,,,,,,,,,,,,,,,,,,,,
,,,,,,,,,,,,,,,,,,,,,,,,,,,,,,,,,,,,,,,,,,,,,,,,,,,,,,,,,,,,,,,,,,,,,,,,,,,,,,,,,,,,,,,,,,,,,,,,,,,,,,,,,,,,,,,,,,,,,,,,,,,,,,,,,,,,,,,,,,,,,,,,,,,,,,,,,,,,,,,,,,,,,,,,,,,,,,,,,,,,,,,,,,,,,,,,,,,,,,,,,,,,,,,,,,,,,,,,,,,,,,,,,,,,,,,,,,,,,,,,,,,,,,,,,,,,,,,,,,,,,,,,,,,,,,,,,,,,,,,,,,,,,,,,,,,,,,,,,,,,,,,,,,,,,,,,,,,,,,,,,,,,,,,,,,,,,,,,,,,,,,,,,,,,,,,,,,,,,,,,,,,,,,,,,,,,,,,,,,,,,,,,,
,,,,,,,,,,,,,,,,,,,,,,,,,,,,,,,,,,,,,,,,,,,,,,,,,,,,,,,,,,,,,,,,,,,,,,,,,,,,,,,,,,,,,,,,,,,,,,,,,,,,,,,,,,,,,,,,,,,,,,,,,,,,,,,,,,,,,,,,,,,,,,,,,,,,,,,,,,,,,,,,,,,,,,,,,,,,,,,,,,,,,,,,,,,,,,,,,,,,,,,,,,,,,,,,,,,,,,,,,,,,,,,,,,,,,,,,,,,,,,,,,,,,,,,,,,,,,,,,,,,,,,,,,,,,,,,,,,,,,,,,,,,,,,,,,,,,,,,,,,,,,,,,,,,,,,,,,,,,,,,,,,,,,,,,,,,,,,,,,,,,,,,,,,,,,,,,,,,,,,,,,,,,,,,,,,,,,,,,,,,,,,,,,
,,,,,,,,,,,,,,,,,,,,,,,,,,,,,,,,,,,,,,,,,,,,,,,,,,,,,,,,,,,,,,,,,,,,,,,,,,,,,,,,,,,,,,,,,,,,,,,,,,,,,,,,,,,,,,,,,,,,,,,,,,,,,,,,,,,,,,,,,,,,,,,,,,,,,,,,,,,,,,,,,,,,,,,,,,,,,,,,,,,,,,,,,,,,,,,,,,,,,,,,,,,,,,,,,,,,,,,,,,,,,,,,,,,,,,,,,,,,,,,,,,,,,,,,,,,,,,,,,,,,,,,,,,,,,,,,,,,,,,,,,,,,,,,,,,,,,,,,,,,,,,,,,,,,,,,,,,,,,,,,,,,,,,,,,,,,,,,,,,,,,,,,,,,,,,,,,,,,,,,,,,,,,,,,,,,,,,,,,,,,,,,,,
,,,,,,,,,,,,,,,,,,,,,,,,,,,,,,,,,,,,,,,,,,,,,,,,,,,,,,,,,,,,,,,,,,,,,,,,,,,,,,,,,,,,,,,,,,,,,,,,,,,,,,,,,,,,,,,,,,,,,,,,,,,,,,,,,,,,,,,,,,,,,,,,,,,,,,,,,,,,,,,,,,,,,,,,,,,,,,,,,,,,,,,,,,,,,,,,,,,,,,,,,,,,,,,,,,,,,,,,,,,,,,,,,,,,,,,,,,,,,,,,,,,,,,,,,,,,,,,,,,,,,,,,,,,,,,,,,,,,,,,,,,,,,,,,,,,,,,,,,,,,,,,,,,,,,,,,,,,,,,,,,,,,,,,,,,,,,,,,,,,,,,,,,,,,,,,,,,,,,,,,,,,,,,,,,,,,,,,,,,,,,,,,,
,,,,,,,,,,,,,,,,,,,,,,,,,,,,,,,,,,,,,,,,,,,,,,,,,,,,,,,,,,,,,,,,,,,,,,,,,,,,,,,,,,,,,,,,,,,,,,,,,,,,,,,,,,,,,,,,,,,,,,,,,,,,,,,,,,,,,,,,,,,,,,,,,,,,,,,,,,,,,,,,,,,,,,,,,,,,,,,,,,,,,,,,,,,,,,,,,,,,,,,,,,,,,,,,,,,,,,,,,,,,,,,,,,,,,,,,,,,,,,,,,,,,,,,,,,,,,,,,,,,,,,,,,,,,,,,,,,,,,,,,,,,,,,,,,,,,,,,,,,,,,,,,,,,,,,,,,,,,,,,,,,,,,,,,,,,,,,,,,,,,,,,,,,,,,,,,,,,,,,,,,,,,,,,,,,,,,,,,,,,,,,,,,
,,,,,,,,,,,,,,,,,,,,,,,,,,,,,,,,,,,,,,,,,,,,,,,,,,,,,,,,,,,,,,,,,,,,,,,,,,,,,,,,,,,,,,,,,,,,,,,,,,,,,,,,,,,,,,,,,,,,,,,,,,,,,,,,,,,,,,,,,,,,,,,,,,,,,,,,,,,,,,,,,,,,,,,,,,,,,,,,,,,,,,,,,,,,,,,,,,,,,,,,,,,,,,,,,,,,,,,,,,,,,,,,,,,,,,,,,,,,,,,,,,,,,,,,,,,,,,,,,,,,,,,,,,,,,,,,,,,,,,,,,,,,,,,,,,,,,,,,,,,,,,,,,,,,,,,,,,,,,,,,,,,,,,,,,,,,,,,,,,,,,,,,,,,,,,,,,,,,,,,,,,,,,,,,,,,,,,,,,,,,,,,,,
,,,,,,,,,,,,,,,,,,,,,,,,,,,,,,,,,,,,,,,,,,,,,,,,,,,,,,,,,,,,,,,,,,,,,,,,,,,,,,,,,,,,,,,,,,,,,,,,,,,,,,,,,,,,,,,,,,,,,,,,,,,,,,,,,,,,,,,,,,,,,,,,,,,,,,,,,,,,,,,,,,,,,,,,,,,,,,,,,,,,,,,,,,,,,,,,,,,,,,,,,,,,,,,,,,,,,,,,,,,,,,,,,,,,,,,,,,,,,,,,,,,,,,,,,,,,,,,,,,,,,,,,,,,,,,,,,,,,,,,,,,,,,,,,,,,,,,,,,,,,,,,,,,,,,,,,,,,,,,,,,,,,,,,,,,,,,,,,,,,,,,,,,,,,,,,,,,,,,,,,,,,,,,,,,,,,,,,,,,,,,,,,,
,,,,,,,,,,,,,,,,,,,,,,,,,,,,,,,,,,,,,,,,,,,,,,,,,,,,,,,,,,,,,,,,,,,,,,,,,,,,,,,,,,,,,,,,,,,,,,,,,,,,,,,,,,,,,,,,,,,,,,,,,,,,,,,,,,,,,,,,,,,,,,,,,,,,,,,,,,,,,,,,,,,,,,,,,,,,,,,,,,,,,,,,,,,,,,,,,,,,,,,,,,,,,,,,,,,,,,,,,,,,,,,,,,,,,,,,,,,,,,,,,,,,,,,,,,,,,,,,,,,,,,,,,,,,,,,,,,,,,,,,,,,,,,,,,,,,,,,,,,,,,,,,,,,,,,,,,,,,,,,,,,,,,,,,,,,,,,,,,,,,,,,,,,,,,,,,,,,,,,,,,,,,,,,,,,,,,,,,,,,,,,,,,
,,,,,,,,,,,,,,,,,,,,,,,,,,,,,,,,,,,,,,,,,,,,,,,,,,,,,,,,,,,,,,,,,,,,,,,,,,,,,,,,,,,,,,,,,,,,,,,,,,,,,,,,,,,,,,,,,,,,,,,,,,,,,,,,,,,,,,,,,,,,,,,,,,,,,,,,,,,,,,,,,,,,,,,,,,,,,,,,,,,,,,,,,,,,,,,,,,,,,,,,,,,,,,,,,,,,,,,,,,,,,,,,,,,,,,,,,,,,,,,,,,,,,,,,,,,,,,,,,,,,,,,,,,,,,,,,,,,,,,,,,,,,,,,,,,,,,,,,,,,,,,,,,,,,,,,,,,,,,,,,,,,,,,,,,,,,,,,,,,,,,,,,,,,,,,,,,,,,,,,,,,,,,,,,,,,,,,,,,,,,,,,,,
,,,,,,,,,,,,,,,,,,,,,,,,,,,,,,,,,,,,,,,,,,,,,,,,,,,,,,,,,,,,,,,,,,,,,,,,,,,,,,,,,,,,,,,,,,,,,,,,,,,,,,,,,,,,,,,,,,,,,,,,,,,,,,,,,,,,,,,,,,,,,,,,,,,,,,,,,,,,,,,,,,,,,,,,,,,,,,,,,,,,,,,,,,,,,,,,,,,,,,,,,,,,,,,,,,,,,,,,,,,,,,,,,,,,,,,,,,,,,,,,,,,,,,,,,,,,,,,,,,,,,,,,,,,,,,,,,,,,,,,,,,,,,,,,,,,,,,,,,,,,,,,,,,,,,,,,,,,,,,,,,,,,,,,,,,,,,,,,,,,,,,,,,,,,,,,,,,,,,,,,,,,,,,,,,,,,,,,,,,,,,,,,,
,,,,,,,,,,,,,,,,,,,,,,,,,,,,,,,,,,,,,,,,,,,,,,,,,,,,,,,,,,,,,,,,,,,,,,,,,,,,,,,,,,,,,,,,,,,,,,,,,,,,,,,,,,,,,,,,,,,,,,,,,,,,,,,,,,,,,,,,,,,,,,,,,,,,,,,,,,,,,,,,,,,,,,,,,,,,,,,,,,,,,,,,,,,,,,,,,,,,,,,,,,,,,,,,,,,,,,,,,,,,,,,,,,,,,,,,,,,,,,,,,,,,,,,,,,,,,,,,,,,,,,,,,,,,,,,,,,,,,,,,,,,,,,,,,,,,,,,,,,,,,,,,,,,,,,,,,,,,,,,,,,,,,,,,,,,,,,,,,,,,,,,,,,,,,,,,,,,,,,,,,,,,,,,,,,,,,,,,,,,,,,,,,
,,,,,,,,,,,,,,,,,,,,,,,,,,,,,,,,,,,,,,,,,,,,,,,,,,,,,,,,,,,,,,,,,,,,,,,,,,,,,,,,,,,,,,,,,,,,,,,,,,,,,,,,,,,,,,,,,,,,,,,,,,,,,,,,,,,,,,,,,,,,,,,,,,,,,,,,,,,,,,,,,,,,,,,,,,,,,,,,,,,,,,,,,,,,,,,,,,,,,,,,,,,,,,,,,,,,,,,,,,,,,,,,,,,,,,,,,,,,,,,,,,,,,,,,,,,,,,,,,,,,,,,,,,,,,,,,,,,,,,,,,,,,,,,,,,,,,,,,,,,,,,,,,,,,,,,,,,,,,,,,,,,,,,,,,,,,,,,,,,,,,,,,,,,,,,,,,,,,,,,,,,,,,,,,,,,,,,,,,,,,,,,,,
,,,,,,,,,,,,,,,,,,,,,,,,,,,,,,,,,,,,,,,,,,,,,,,,,,,,,,,,,,,,,,,,,,,,,,,,,,,,,,,,,,,,,,,,,,,,,,,,,,,,,,,,,,,,,,,,,,,,,,,,,,,,,,,,,,,,,,,,,,,,,,,,,,,,,,,,,,,,,,,,,,,,,,,,,,,,,,,,,,,,,,,,,,,,,,,,,,,,,,,,,,,,,,,,,,,,,,,,,,,,,,,,,,,,,,,,,,,,,,,,,,,,,,,,,,,,,,,,,,,,,,,,,,,,,,,,,,,,,,,,,,,,,,,,,,,,,,,,,,,,,,,,,,,,,,,,,,,,,,,,,,,,,,,,,,,,,,,,,,,,,,,,,,,,,,,,,,,,,,,,,,,,,,,,,,,,,,,,,,,,,,,,,
,,,,,,,,,,,,,,,,,,,,,,,,,,,,,,,,,,,,,,,,,,,,,,,,,,,,,,,,,,,,,,,,,,,,,,,,,,,,,,,,,,,,,,,,,,,,,,,,,,,,,,,,,,,,,,,,,,,,,,,,,,,,,,,,,,,,,,,,,,,,,,,,,,,,,,,,,,,,,,,,,,,,,,,,,,,,,,,,,,,,,,,,,,,,,,,,,,,,,,,,,,,,,,,,,,,,,,,,,,,,,,,,,,,,,,,,,,,,,,,,,,,,,,,,,,,,,,,,,,,,,,,,,,,,,,,,,,,,,,,,,,,,,,,,,,,,,,,,,,,,,,,,,,,,,,,,,,,,,,,,,,,,,,,,,,,,,,,,,,,,,,,,,,,,,,,,,,,,,,,,,,,,,,,,,,,,,,,,,,,,,,,,,
,,,,,,,,,,,,,,,,,,,,,,,,,,,,,,,,,,,,,,,,,,,,,,,,,,,,,,,,,,,,,,,,,,,,,,,,,,,,,,,,,,,,,,,,,,,,,,,,,,,,,,,,,,,,,,,,,,,,,,,,,,,,,,,,,,,,,,,,,,,,,,,,,,,,,,,,,,,,,,,,,,,,,,,,,,,,,,,,,,,,,,,,,,,,,,,,,,,,,,,,,,,,,,,,,,,,,,,,,,,,,,,,,,,,,,,,,,,,,,,,,,,,,,,,,,,,,,,,,,,,,,,,,,,,,,,,,,,,,,,,,,,,,,,,,,,,,,,,,,,,,,,,,,,,,,,,,,,,,,,,,,,,,,,,,,,,,,,,,,,,,,,,,,,,,,,,,,,,,,,,,,,,,,,,,,,,,,,,,,,,,,,,,
,,,,,,,,,,,,,,,,,,,,,,,,,,,,,,,,,,,,,,,,,,,,,,,,,,,,,,,,,,,,,,,,,,,,,,,,,,,,,,,,,,,,,,,,,,,,,,,,,,,,,,,,,,,,,,,,,,,,,,,,,,,,,,,,,,,,,,,,,,,,,,,,,,,,,,,,,,,,,,,,,,,,,,,,,,,,,,,,,,,,,,,,,,,,,,,,,,,,,,,,,,,,,,,,,,,,,,,,,,,,,,,,,,,,,,,,,,,,,,,,,,,,,,,,,,,,,,,,,,,,,,,,,,,,,,,,,,,,,,,,,,,,,,,,,,,,,,,,,,,,,,,,,,,,,,,,,,,,,,,,,,,,,,,,,,,,,,,,,,,,,,,,,,,,,,,,,,,,,,,,,,,,,,,,,,,,,,,,,,,,,,,,,
,,,,,,,,,,,,,,,,,,,,,,,,,,,,,,,,,,,,,,,,,,,,,,,,,,,,,,,,,,,,,,,,,,,,,,,,,,,,,,,,,,,,,,,,,,,,,,,,,,,,,,,,,,,,,,,,,,,,,,,,,,,,,,,,,,,,,,,,,,,,,,,,,,,,,,,,,,,,,,,,,,,,,,,,,,,,,,,,,,,,,,,,,,,,,,,,,,,,,,,,,,,,,,,,,,,,,,,,,,,,,,,,,,,,,,,,,,,,,,,,,,,,,,,,,,,,,,,,,,,,,,,,,,,,,,,,,,,,,,,,,,,,,,,,,,,,,,,,,,,,,,,,,,,,,,,,,,,,,,,,,,,,,,,,,,,,,,,,,,,,,,,,,,,,,,,,,,,,,,,,,,,,,,,,,,,,,,,,,,,,,,,,,
,,,,,,,,,,,,,,,,,,,,,,,,,,,,,,,,,,,,,,,,,,,,,,,,,,,,,,,,,,,,,,,,,,,,,,,,,,,,,,,,,,,,,,,,,,,,,,,,,,,,,,,,,,,,,,,,,,,,,,,,,,,,,,,,,,,,,,,,,,,,,,,,,,,,,,,,,,,,,,,,,,,,,,,,,,,,,,,,,,,,,,,,,,,,,,,,,,,,,,,,,,,,,,,,,,,,,,,,,,,,,,,,,,,,,,,,,,,,,,,,,,,,,,,,,,,,,,,,,,,,,,,,,,,,,,,,,,,,,,,,,,,,,,,,,,,,,,,,,,,,,,,,,,,,,,,,,,,,,,,,,,,,,,,,,,,,,,,,,,,,,,,,,,,,,,,,,,,,,,,,,,,,,,,,,,,,,,,,,,,,,,,,,
,,,,,,,,,,,,,,,,,,,,,,,,,,,,,,,,,,,,,,,,,,,,,,,,,,,,,,,,,,,,,,,,,,,,,,,,,,,,,,,,,,,,,,,,,,,,,,,,,,,,,,,,,,,,,,,,,,,,,,,,,,,,,,,,,,,,,,,,,,,,,,,,,,,,,,,,,,,,,,,,,,,,,,,,,,,,,,,,,,,,,,,,,,,,,,,,,,,,,,,,,,,,,,,,,,,,,,,,,,,,,,,,,,,,,,,,,,,,,,,,,,,,,,,,,,,,,,,,,,,,,,,,,,,,,,,,,,,,,,,,,,,,,,,,,,,,,,,,,,,,,,,,,,,,,,,,,,,,,,,,,,,,,,,,,,,,,,,,,,,,,,,,,,,,,,,,,,,,,,,,,,,,,,,,,,,,,,,,,,,,,,,,,
,,,,,,,,,,,,,,,,,,,,,,,,,,,,,,,,,,,,,,,,,,,,,,,,,,,,,,,,,,,,,,,,,,,,,,,,,,,,,,,,,,,,,,,,,,,,,,,,,,,,,,,,,,,,,,,,,,,,,,,,,,,,,,,,,,,,,,,,,,,,,,,,,,,,,,,,,,,,,,,,,,,,,,,,,,,,,,,,,,,,,,,,,,,,,,,,,,,,,,,,,,,,,,,,,,,,,,,,,,,,,,,,,,,,,,,,,,,,,,,,,,,,,,,,,,,,,,,,,,,,,,,,,,,,,,,,,,,,,,,,,,,,,,,,,,,,,,,,,,,,,,,,,,,,,,,,,,,,,,,,,,,,,,,,,,,,,,,,,,,,,,,,,,,,,,,,,,,,,,,,,,,,,,,,,,,,,,,,,,,,,,,,,
,,,,,,,,,,,,,,,,,,,,,,,,,,,,,,,,,,,,,,,,,,,,,,,,,,,,,,,,,,,,,,,,,,,,,,,,,,,,,,,,,,,,,,,,,,,,,,,,,,,,,,,,,,,,,,,,,,,,,,,,,,,,,,,,,,,,,,,,,,,,,,,,,,,,,,,,,,,,,,,,,,,,,,,,,,,,,,,,,,,,,,,,,,,,,,,,,,,,,,,,,,,,,,,,,,,,,,,,,,,,,,,,,,,,,,,,,,,,,,,,,,,,,,,,,,,,,,,,,,,,,,,,,,,,,,,,,,,,,,,,,,,,,,,,,,,,,,,,,,,,,,,,,,,,,,,,,,,,,,,,,,,,,,,,,,,,,,,,,,,,,,,,,,,,,,,,,,,,,,,,,,,,,,,,,,,,,,,,,,,,,,,,,
,,,,,,,,,,,,,,,,,,,,,,,,,,,,,,,,,,,,,,,,,,,,,,,,,,,,,,,,,,,,,,,,,,,,,,,,,,,,,,,,,,,,,,,,,,,,,,,,,,,,,,,,,,,,,,,,,,,,,,,,,,,,,,,,,,,,,,,,,,,,,,,,,,,,,,,,,,,,,,,,,,,,,,,,,,,,,,,,,,,,,,,,,,,,,,,,,,,,,,,,,,,,,,,,,,,,,,,,,,,,,,,,,,,,,,,,,,,,,,,,,,,,,,,,,,,,,,,,,,,,,,,,,,,,,,,,,,,,,,,,,,,,,,,,,,,,,,,,,,,,,,,,,,,,,,,,,,,,,,,,,,,,,,,,,,,,,,,,,,,,,,,,,,,,,,,,,,,,,,,,,,,,,,,,,,,,,,,,,,,,,,,,,
,,,,,,,,,,,,,,,,,,,,,,,,,,,,,,,,,,,,,,,,,,,,,,,,,,,,,,,,,,,,,,,,,,,,,,,,,,,,,,,,,,,,,,,,,,,,,,,,,,,,,,,,,,,,,,,,,,,,,,,,,,,,,,,,,,,,,,,,,,,,,,,,,,,,,,,,,,,,,,,,,,,,,,,,,,,,,,,,,,,,,,,,,,,,,,,,,,,,,,,,,,,,,,,,,,,,,,,,,,,,,,,,,,,,,,,,,,,,,,,,,,,,,,,,,,,,,,,,,,,,,,,,,,,,,,,,,,,,,,,,,,,,,,,,,,,,,,,,,,,,,,,,,,,,,,,,,,,,,,,,,,,,,,,,,,,,,,,,,,,,,,,,,,,,,,,,,,,,,,,,,,,,,,,,,,,,,,,,,,,,,,,,,
,,,,,,,,,,,,,,,,,,,,,,,,,,,,,,,,,,,,,,,,,,,,,,,,,,,,,,,,,,,,,,,,,,,,,,,,,,,,,,,,,,,,,,,,,,,,,,,,,,,,,,,,,,,,,,,,,,,,,,,,,,,,,,,,,,,,,,,,,,,,,,,,,,,,,,,,,,,,,,,,,,,,,,,,,,,,,,,,,,,,,,,,,,,,,,,,,,,,,,,,,,,,,,,,,,,,,,,,,,,,,,,,,,,,,,,,,,,,,,,,,,,,,,,,,,,,,,,,,,,,,,,,,,,,,,,,,,,,,,,,,,,,,,,,,,,,,,,,,,,,,,,,,,,,,,,,,,,,,,,,,,,,,,,,,,,,,,,,,,,,,,,,,,,,,,,,,,,,,,,,,,,,,,,,,,,,,,,,,,,,,,,,,
,,,,,,,,,,,,,,,,,,,,,,,,,,,,,,,,,,,,,,,,,,,,,,,,,,,,,,,,,,,,,,,,,,,,,,,,,,,,,,,,,,,,,,,,,,,,,,,,,,,,,,,,,,,,,,,,,,,,,,,,,,,,,,,,,,,,,,,,,,,,,,,,,,,,,,,,,,,,,,,,,,,,,,,,,,,,,,,,,,,,,,,,,,,,,,,,,,,,,,,,,,,,,,,,,,,,,,,,,,,,,,,,,,,,,,,,,,,,,,,,,,,,,,,,,,,,,,,,,,,,,,,,,,,,,,,,,,,,,,,,,,,,,,,,,,,,,,,,,,,,,,,,,,,,,,,,,,,,,,,,,,,,,,,,,,,,,,,,,,,,,,,,,,,,,,,,,,,,,,,,,,,,,,,,,,,,,,,,,,,,,,,,,
,,,,,,,,,,,,,,,,,,,,,,,,,,,,,,,,,,,,,,,,,,,,,,,,,,,,,,,,,,,,,,,,,,,,,,,,,,,,,,,,,,,,,,,,,,,,,,,,,,,,,,,,,,,,,,,,,,,,,,,,,,,,,,,,,,,,,,,,,,,,,,,,,,,,,,,,,,,,,,,,,,,,,,,,,,,,,,,,,,,,,,,,,,,,,,,,,,,,,,,,,,,,,,,,,,,,,,,,,,,,,,,,,,,,,,,,,,,,,,,,,,,,,,,,,,,,,,,,,,,,,,,,,,,,,,,,,,,,,,,,,,,,,,,,,,,,,,,,,,,,,,,,,,,,,,,,,,,,,,,,,,,,,,,,,,,,,,,,,,,,,,,,,,,,,,,,,,,,,,,,,,,,,,,,,,,,,,,,,,,,,,,,,
,,,,,,,,,,,,,,,,,,,,,,,,,,,,,,,,,,,,,,,,,,,,,,,,,,,,,,,,,,,,,,,,,,,,,,,,,,,,,,,,,,,,,,,,,,,,,,,,,,,,,,,,,,,,,,,,,,,,,,,,,,,,,,,,,,,,,,,,,,,,,,,,,,,,,,,,,,,,,,,,,,,,,,,,,,,,,,,,,,,,,,,,,,,,,,,,,,,,,,,,,,,,,,,,,,,,,,,,,,,,,,,,,,,,,,,,,,,,,,,,,,,,,,,,,,,,,,,,,,,,,,,,,,,,,,,,,,,,,,,,,,,,,,,,,,,,,,,,,,,,,,,,,,,,,,,,,,,,,,,,,,,,,,,,,,,,,,,,,,,,,,,,,,,,,,,,,,,,,,,,,,,,,,,,,,,,,,,,,,,,,,,,,
,,,,,,,,,,,,,,,,,,,,,,,,,,,,,,,,,,,,,,,,,,,,,,,,,,,,,,,,,,,,,,,,,,,,,,,,,,,,,,,,,,,,,,,,,,,,,,,,,,,,,,,,,,,,,,,,,,,,,,,,,,,,,,,,,,,,,,,,,,,,,,,,,,,,,,,,,,,,,,,,,,,,,,,,,,,,,,,,,,,,,,,,,,,,,,,,,,,,,,,,,,,,,,,,,,,,,,,,,,,,,,,,,,,,,,,,,,,,,,,,,,,,,,,,,,,,,,,,,,,,,,,,,,,,,,,,,,,,,,,,,,,,,,,,,,,,,,,,,,,,,,,,,,,,,,,,,,,,,,,,,,,,,,,,,,,,,,,,,,,,,,,,,,,,,,,,,,,,,,,,,,,,,,,,,,,,,,,,,,,,,,,,,
,,,,,,,,,,,,,,,,,,,,,,,,,,,,,,,,,,,,,,,,,,,,,,,,,,,,,,,,,,,,,,,,,,,,,,,,,,,,,,,,,,,,,,,,,,,,,,,,,,,,,,,,,,,,,,,,,,,,,,,,,,,,,,,,,,,,,,,,,,,,,,,,,,,,,,,,,,,,,,,,,,,,,,,,,,,,,,,,,,,,,,,,,,,,,,,,,,,,,,,,,,,,,,,,,,,,,,,,,,,,,,,,,,,,,,,,,,,,,,,,,,,,,,,,,,,,,,,,,,,,,,,,,,,,,,,,,,,,,,,,,,,,,,,,,,,,,,,,,,,,,,,,,,,,,,,,,,,,,,,,,,,,,,,,,,,,,,,,,,,,,,,,,,,,,,,,,,,,,,,,,,,,,,,,,,,,,,,,,,,,,,,,,
,,,,,,,,,,,,,,,,,,,,,,,,,,,,,,,,,,,,,,,,,,,,,,,,,,,,,,,,,,,,,,,,,,,,,,,,,,,,,,,,,,,,,,,,,,,,,,,,,,,,,,,,,,,,,,,,,,,,,,,,,,,,,,,,,,,,,,,,,,,,,,,,,,,,,,,,,,,,,,,,,,,,,,,,,,,,,,,,,,,,,,,,,,,,,,,,,,,,,,,,,,,,,,,,,,,,,,,,,,,,,,,,,,,,,,,,,,,,,,,,,,,,,,,,,,,,,,,,,,,,,,,,,,,,,,,,,,,,,,,,,,,,,,,,,,,,,,,,,,,,,,,,,,,,,,,,,,,,,,,,,,,,,,,,,,,,,,,,,,,,,,,,,,,,,,,,,,,,,,,,,,,,,,,,,,,,,,,,,,,,,,,,,
,,,,,,,,,,,,,,,,,,,,,,,,,,,,,,,,,,,,,,,,,,,,,,,,,,,,,,,,,,,,,,,,,,,,,,,,,,,,,,,,,,,,,,,,,,,,,,,,,,,,,,,,,,,,,,,,,,,,,,,,,,,,,,,,,,,,,,,,,,,,,,,,,,,,,,,,,,,,,,,,,,,,,,,,,,,,,,,,,,,,,,,,,,,,,,,,,,,,,,,,,,,,,,,,,,,,,,,,,,,,,,,,,,,,,,,,,,,,,,,,,,,,,,,,,,,,,,,,,,,,,,,,,,,,,,,,,,,,,,,,,,,,,,,,,,,,,,,,,,,,,,,,,,,,,,,,,,,,,,,,,,,,,,,,,,,,,,,,,,,,,,,,,,,,,,,,,,,,,,,,,,,,,,,,,,,,,,,,,,,,,,,,,
,,,,,,,,,,,,,,,,,,,,,,,,,,,,,,,,,,,,,,,,,,,,,,,,,,,,,,,,,,,,,,,,,,,,,,,,,,,,,,,,,,,,,,,,,,,,,,,,,,,,,,,,,,,,,,,,,,,,,,,,,,,,,,,,,,,,,,,,,,,,,,,,,,,,,,,,,,,,,,,,,,,,,,,,,,,,,,,,,,,,,,,,,,,,,,,,,,,,,,,,,,,,,,,,,,,,,,,,,,,,,,,,,,,,,,,,,,,,,,,,,,,,,,,,,,,,,,,,,,,,,,,,,,,,,,,,,,,,,,,,,,,,,,,,,,,,,,,,,,,,,,,,,,,,,,,,,,,,,,,,,,,,,,,,,,,,,,,,,,,,,,,,,,,,,,,,,,,,,,,,,,,,,,,,,,,,,,,,,,,,,,,,,
,,,,,,,,,,,,,,,,,,,,,,,,,,,,,,,,,,,,,,,,,,,,,,,,,,,,,,,,,,,,,,,,,,,,,,,,,,,,,,,,,,,,,,,,,,,,,,,,,,,,,,,,,,,,,,,,,,,,,,,,,,,,,,,,,,,,,,,,,,,,,,,,,,,,,,,,,,,,,,,,,,,,,,,,,,,,,,,,,,,,,,,,,,,,,,,,,,,,,,,,,,,,,,,,,,,,,,,,,,,,,,,,,,,,,,,,,,,,,,,,,,,,,,,,,,,,,,,,,,,,,,,,,,,,,,,,,,,,,,,,,,,,,,,,,,,,,,,,,,,,,,,,,,,,,,,,,,,,,,,,,,,,,,,,,,,,,,,,,,,,,,,,,,,,,,,,,,,,,,,,,,,,,,,,,,,,,,,,,,,,,,,,,
,,,,,,,,,,,,,,,,,,,,,,,,,,,,,,,,,,,,,,,,,,,,,,,,,,,,,,,,,,,,,,,,,,,,,,,,,,,,,,,,,,,,,,,,,,,,,,,,,,,,,,,,,,,,,,,,,,,,,,,,,,,,,,,,,,,,,,,,,,,,,,,,,,,,,,,,,,,,,,,,,,,,,,,,,,,,,,,,,,,,,,,,,,,,,,,,,,,,,,,,,,,,,,,,,,,,,,,,,,,,,,,,,,,,,,,,,,,,,,,,,,,,,,,,,,,,,,,,,,,,,,,,,,,,,,,,,,,,,,,,,,,,,,,,,,,,,,,,,,,,,,,,,,,,,,,,,,,,,,,,,,,,,,,,,,,,,,,,,,,,,,,,,,,,,,,,,,,,,,,,,,,,,,,,,,,,,,,,,,,,,,,,,
,,,,,,,,,,,,,,,,,,,,,,,,,,,,,,,,,,,,,,,,,,,,,,,,,,,,,,,,,,,,,,,,,,,,,,,,,,,,,,,,,,,,,,,,,,,,,,,,,,,,,,,,,,,,,,,,,,,,,,,,,,,,,,,,,,,,,,,,,,,,,,,,,,,,,,,,,,,,,,,,,,,,,,,,,,,,,,,,,,,,,,,,,,,,,,,,,,,,,,,,,,,,,,,,,,,,,,,,,,,,,,,,,,,,,,,,,,,,,,,,,,,,,,,,,,,,,,,,,,,,,,,,,,,,,,,,,,,,,,,,,,,,,,,,,,,,,,,,,,,,,,,,,,,,,,,,,,,,,,,,,,,,,,,,,,,,,,,,,,,,,,,,,,,,,,,,,,,,,,,,,,,,,,,,,,,,,,,,,,,,,,,,,
,,,,,,,,,,,,,,,,,,,,,,,,,,,,,,,,,,,,,,,,,,,,,,,,,,,,,,,,,,,,,,,,,,,,,,,,,,,,,,,,,,,,,,,,,,,,,,,,,,,,,,,,,,,,,,,,,,,,,,,,,,,,,,,,,,,,,,,,,,,,,,,,,,,,,,,,,,,,,,,,,,,,,,,,,,,,,,,,,,,,,,,,,,,,,,,,,,,,,,,,,,,,,,,,,,,,,,,,,,,,,,,,,,,,,,,,,,,,,,,,,,,,,,,,,,,,,,,,,,,,,,,,,,,,,,,,,,,,,,,,,,,,,,,,,,,,,,,,,,,,,,,,,,,,,,,,,,,,,,,,,,,,,,,,,,,,,,,,,,,,,,,,,,,,,,,,,,,,,,,,,,,,,,,,,,,,,,,,,,,,,,,,,
,,,,,,,,,,,,,,,,,,,,,,,,,,,,,,,,,,,,,,,,,,,,,,,,,,,,,,,,,,,,,,,,,,,,,,,,,,,,,,,,,,,,,,,,,,,,,,,,,,,,,,,,,,,,,,,,,,,,,,,,,,,,,,,,,,,,,,,,,,,,,,,,,,,,,,,,,,,,,,,,,,,,,,,,,,,,,,,,,,,,,,,,,,,,,,,,,,,,,,,,,,,,,,,,,,,,,,,,,,,,,,,,,,,,,,,,,,,,,,,,,,,,,,,,,,,,,,,,,,,,,,,,,,,,,,,,,,,,,,,,,,,,,,,,,,,,,,,,,,,,,,,,,,,,,,,,,,,,,,,,,,,,,,,,,,,,,,,,,,,,,,,,,,,,,,,,,,,,,,,,,,,,,,,,,,,,,,,,,,,,,,,,,